date,三安光电600703.SH,恒瑞医药600276.SH,中国联通600050.SH,中信建投601066.SH,中国国航601111.SH,药明康德603259.SH,上汽集团600104.SH,南方航空600029.SH,中国人寿601628.SH,中国重工601989.SH,海通证券600837.SH,宝钢股份600019.SH,中信证券600030.SH,中国国旅601888.SH,国泰君安601211.SH,海尔智家600690.SH,中国人保601319.SH,中国太保601601.SH,伊利股份600887.SH,工业富联601138.SH,中国平安601318.SH,中国神华601088.SH,贵州茅台600519.SH,洛阳钼业603993.SH,中国中车601766.SH,中国中铁601390.SH,华泰证券601688.SH,中国交建601800.SH,复星医药600196.SH,万华化学600309.SH,中国石化600028.SH,中国建筑601668.SH,中国石油601857.SH,新华保险601336.SH,民生银行600016.SH,上海银行601229.SH,光大银行601818.SH,海螺水泥600585.SH,中国银行601988.SH,兴业银行601166.SH,中国铁建601186.SH,工商银行601398.SH,交通银行601328.SH,三一重工600031.SH,建设银行601939.SH,华夏幸福600340.SH,浦发银行600000.SH,保利地产600048.SH,农业银行601288.SH,招商银行600036.SH
20181116,15.72,62.31,5.59,10.04,8.22,86.94,26.1,7.11,22.57,4.26,9.95,7.43,17.58,55.16,16.13,13.82,4.81,32.8,23.75,12.86,65.25,19.71,560,4.18,8.59,7.41,17.57,12.29,27.59,30.35,6.05,5.51,7.86,46.76,6.16,11.72,3.86,32.9,3.6,15.82,11.13,5.34,5.85,8.17,6.66,23.58,10.76,13,3.6,28.48
20181119,15.54,63.31,5.62,10.8,8.29,82.02,25.75,7.19,22.73,4.28,10.16,7.45,18.07,55.42,16.55,14.2,5.29,32.98,23.9,13.02,65.72,20.02,569.02,4.16,8.59,7.55,17.95,12.48,28.73,31.1,6.13,5.57,7.91,46.9,6.23,11.79,3.93,32.51,3.64,16.03,11.21,5.41,5.9,8.16,6.76,25.94,10.88,13.52,3.65,28.95
20181120,14.92,62.64,5.47,10.23,8.01,80.71,25.68,7.08,22.08,4.22,9.7,7.3,17.37,54.29,16.04,13.9,5.82,32.05,23.52,12.62,64.1,19.57,561.6,4.12,8.6,7.46,17.2,12.3,28.1,30.35,6.06,5.49,7.83,45.7,6.16,11.63,3.88,32.23,3.6,15.88,11.17,5.35,5.85,7.99,6.72,24.82,10.69,13.29,3.6,28.42
20181121,14.8,64.02,5.45,10.18,8.14,82.7,25.42,7.2,21.92,4.22,9.69,7.43,17.14,55.4,16.16,14.04,6.4,32.06,24,12.52,64.01,19.51,564.7,4.09,8.74,7.48,17.17,12.28,29.2,29.95,5.95,5.51,7.71,45.81,6.16,11.62,3.88,32.05,3.61,15.92,11.13,5.36,5.85,7.95,6.72,26.4,10.66,13.42,3.62,28.4
20181122,14.66,63.32,5.42,9.89,8.31,81.41,25.77,7.27,21.9,4.26,9.57,7.27,17.04,54.69,15.97,14.13,7.04,31.58,23.94,12.43,63.14,19.25,564.5,4.06,8.73,7.44,17.08,12.22,28.97,30.22,5.91,5.52,7.73,45.23,6.14,11.52,3.85,31.9,3.61,15.86,10.96,5.36,5.83,7.95,6.69,26.54,10.64,13.22,3.6,28.3
20181123,13.95,62.63,5.25,9.23,8.11,79,25.12,7.17,21.41,4.12,9.32,7.11,16.6,54.48,15.69,13.6,7.74,31.25,23.45,11.81,62.64,18.93,556.9,3.87,8.59,7.35,16.89,12.04,27.43,28.63,5.84,5.43,7.64,44.29,6.06,11.44,3.8,31.29,3.59,15.64,10.78,5.33,5.78,7.79,6.65,25.46,10.5,13,3.57,27.88
20181126,13.82,62.55,5.24,9.17,8.15,79.33,24.75,7.24,21.43,4.13,9.28,6.94,16.57,54.01,15.58,13.92,7.18,31.28,23.35,11.73,63.2,18.84,552.11,3.8,8.52,7.25,16.56,11.91,27.44,28.15,5.79,5.46,7.6,44.58,6.06,11.42,3.83,31.8,3.6,15.73,10.78,5.35,5.79,7.8,6.69,25.7,10.5,13.05,3.59,28.27
20181127,13.86,62.51,5.27,9.38,7.95,78.36,24.58,7.03,21.41,4.2,9.34,6.84,16.71,53.45,15.51,13.8,6.9,31.23,23.23,11.66,63.11,18.44,548.1,3.85,8.51,7.23,16.62,11.83,27.06,28,5.81,5.56,7.56,44.05,6.04,11.4,3.83,31.47,3.58,15.62,10.61,5.33,5.8,7.85,6.66,25.72,10.49,12.79,3.57,27.99
20181128,14.36,64.46,5.37,10.11,7.99,80.23,24.93,6.93,21.6,4.21,9.54,6.85,17.01,55.9,15.88,13.91,6.95,31.53,23.48,11.79,63.77,18.76,557,3.88,8.58,7.26,16.98,11.92,27.52,28.23,5.87,5.58,7.61,44.53,6.06,11.52,3.84,31.5,3.6,15.77,10.75,5.35,5.83,7.97,6.69,25.79,10.58,13.36,3.58,28.28
20181129,14.01,64.04,5.26,9.79,7.99,79.75,24.93,7.05,21.48,4.18,9.28,6.7,16.63,54.72,15.71,13.79,6.55,31.25,23.45,11.46,63.05,18.53,551.6,3.88,8.57,7.15,16.73,11.81,27.53,28.39,5.83,5.64,7.56,44.03,6.04,11.33,3.81,31.47,3.59,15.66,10.8,5.33,5.8,7.94,6.63,25.18,10.63,12.91,3.55,28.3
20181130,14.27,65.45,5.28,10.44,8.18,79.75,24.85,7.1,21.58,4.24,9.44,6.72,16.87,55.21,16.04,13.75,6.45,31.39,23.83,11.53,63.49,18.76,565,3.97,8.73,7.18,16.8,11.83,27.84,28.88,5.9,5.77,7.61,44.37,6.1,11.47,3.85,31.81,3.61,15.94,10.99,5.33,5.85,8.03,6.65,25.5,10.71,13.1,3.57,28.55
20181203,14.95,66.94,5.44,10.51,8.49,84.2,25.38,7.42,22.19,4.3,9.73,6.84,17.44,56.75,16.54,14.82,6.66,32.33,24.24,12,64.99,19.09,601.2,4.09,8.84,7.25,17.59,11.98,29.79,30.62,6.06,5.81,7.73,45.23,6.17,11.58,3.91,32.54,3.65,16.18,11.17,5.41,5.92,8.26,6.77,25.92,11.02,13.1,3.62,29.46
20181204,14.86,66.95,5.45,10.85,8.87,85.69,25.1,7.66,22.2,4.29,9.84,7,17.6,58.76,16.77,14.65,6.58,32.01,24.2,12.1,64.89,19.21,602.23,4.07,8.9,7.27,18.05,12.05,30,32.94,6.02,6.05,7.73,45,6.19,11.7,3.94,32.05,3.66,16.24,11.21,5.42,5.96,8.24,6.77,25.92,11.08,12.68,3.61,29.57
20181205,14.69,66.91,5.36,10.63,8.73,85.3,24.99,7.59,22.01,4.27,9.77,6.94,17.45,59.29,16.64,14.41,6.43,31.48,23.8,12.3,64.25,19.2,610.1,4.13,8.94,7.18,18.08,11.93,30.43,32.79,5.97,6,7.67,44.31,6.13,11.65,3.91,31.47,3.64,16.13,11.01,5.4,5.91,8.19,6.73,27.56,11,12.73,3.6,29.37
20181206,14.17,62.65,5.24,10.65,8.28,79.99,24.7,7.32,21.59,4.24,9.51,6.88,17.01,58.23,16.24,13.92,6.45,30.87,23,11.96,63,18.67,591.8,4.06,8.75,7.1,17.34,11.74,27.81,31.32,5.87,5.88,7.6,43.54,6.07,11.52,3.87,31.04,3.61,16.03,11.01,5.35,5.83,8.09,6.64,27.3,10.9,12.68,3.57,28.9
20181207,14.22,58.38,5.26,10.41,8.34,80.1,24.72,7.37,21.55,4.26,9.65,6.92,17.05,58.45,16.33,13.75,6.38,30.6,23.02,11.92,63,19.08,587,4.05,9.1,7.17,17.3,11.83,26.12,31.2,5.86,5.94,7.57,43.79,6.07,11.55,3.85,31.04,3.6,16.03,11.29,5.35,5.86,8.19,6.63,27.8,10.89,12.68,3.58,28.58
20181210,14.36,59,5.24,10.32,8.18,79.33,24.3,7.22,21.3,4.24,9.71,6.9,16.77,58.92,16.26,13.46,6.23,29.67,22.58,11.92,62.18,19.08,577.23,3.97,9.21,7.2,16.88,11.77,25.71,31.15,5.92,5.93,7.62,42.89,6.02,11.51,3.81,30.69,3.57,15.88,11.36,5.33,5.79,8.16,6.56,27.12,10.83,12.44,3.56,28.34
20181211,14.36,60.12,5.27,10.29,8.31,80.39,24.46,7.32,21.37,4.25,9.67,6.89,16.88,59.64,16.27,13.6,6.33,30.09,22.85,12,62.17,19.08,582.99,4.02,9.19,7.17,17.05,11.77,25.92,31.17,5.85,5.88,7.58,43.14,6,11.57,3.81,30.62,3.57,15.84,11.4,5.33,5.77,8.21,6.59,27.4,10.72,12.8,3.56,28.51
20181212,14.49,58.84,5.26,10.43,8.29,80.65,24.73,7.33,21.47,4.26,9.69,6.83,16.97,61.3,16.35,13.66,6.31,30.55,23,12.09,62.46,19.24,589,4.09,9.25,7.24,17.27,11.9,25.89,31.13,5.86,5.94,7.64,43.46,5.99,11.66,3.82,30.79,3.59,15.9,11.32,5.34,5.76,8.35,6.64,27.5,10.73,12.89,3.57,28.46
20181213,14.75,59.92,5.31,10.52,8.49,80.53,24.8,7.49,21.66,4.29,9.83,6.91,17.18,62.43,16.53,14.51,6.37,30.98,23.39,12.24,63.2,19.36,601.75,4.15,9.62,7.52,17.6,12.39,26.3,32.1,5.93,6.17,7.71,44.21,6,11.73,3.85,31.9,3.6,15.93,12.1,5.39,5.8,8.51,6.73,28.26,10.8,13.33,3.59,28.75
20181214,14.23,58.9,5.24,10.3,8.24,78.63,24.73,7.26,21.28,4.21,9.53,6.77,16.85,60.68,16.25,14.39,6.25,30.4,23.29,12.06,61.94,19.34,592.96,4.08,9.41,7.38,17,12.37,25.48,31.1,5.89,6.17,7.69,43.58,5.95,11.68,3.81,31.43,3.58,15.79,11.83,5.35,5.74,8.46,6.61,27.79,10.62,13,3.57,28.33
20181217,14.05,57.19,5.26,10.52,8.12,78.38,25.11,7.12,21.55,4.23,9.54,6.8,16.98,60.79,16.36,14.43,6.23,30.7,22.95,12.28,61.27,19.47,590.52,4.15,9.39,7.47,17.1,12.56,25.23,31.36,5.97,6.32,7.72,43.4,5.92,11.83,3.83,31.66,3.61,15.86,12.02,5.37,5.75,8.67,6.66,28.34,10.78,13,3.58,28.29
20181218,13.8,56.82,5.24,10.32,8.09,79.04,25,7.17,21.41,4.23,9.38,6.71,16.65,60.05,15.9,14.07,6.12,30.18,22.58,12.23,60.85,19.08,590.94,4.15,9.29,7.35,16.71,12.39,24.92,31.53,5.81,6.23,7.63,42.76,5.85,11.82,3.79,30.85,3.59,15.66,11.71,5.35,5.69,8.6,6.61,26.6,10.57,12.53,3.55,27.91
20181219,13.52,55.11,5.21,10.27,8.13,77.13,25.5,7.18,21.56,4.19,9.32,6.65,16.42,59.15,15.75,14.13,6.07,30.16,22.1,11.93,60.12,19.1,577.8,4.09,9.23,7.29,16.45,12.34,23.98,30.36,5.65,6.22,7.47,42.61,5.82,11.73,3.78,30.5,3.58,15.46,11.63,5.33,5.71,8.57,6.54,26.39,10.54,12.46,3.53,26.77
20181220,13.57,52.95,5.16,10.5,8.03,76.64,25.38,7.03,21.5,4.15,9.37,6.58,16.5,58.87,15.73,13.94,6,29.64,22.33,11.78,59,19.33,574.5,4.05,9.09,7.15,16.59,11.87,23.86,30.02,5.61,5.86,7.43,42.26,5.76,11.4,3.7,30.15,3.56,15.2,11.27,5.23,5.64,8.49,6.4,26.85,10.25,12.37,3.51,25.91
20181221,13.59,50.09,5.14,10.35,7.88,75.7,25.6,6.84,21.28,4.08,9.13,6.62,16.1,58.22,15.64,13.85,5.91,29.06,22.12,11.76,58.34,18.91,567.41,3.93,9.07,7.15,15.96,11.81,23.71,28.98,5.63,5.8,7.4,41.39,5.72,11.22,3.65,29.59,3.57,15.03,11.3,5.19,5.65,8.45,6.3,25.62,10.07,11.95,3.51,25.39
20181224,13.76,53.16,5.18,9.32,7.87,76.3,25.86,6.82,20.93,4.22,9.02,6.62,16.01,59.25,15.52,13.89,5.92,28.98,22.18,11.9,58.25,18.9,568,3.95,9.17,7.12,15.92,11.71,24.28,29.39,5.74,5.7,7.42,42.06,5.7,11.03,3.64,29.7,3.59,14.89,11.2,5.22,5.61,8.56,6.3,25.23,9.91,11.97,3.53,25.45
20181225,13.55,53.41,5.23,8.95,8.08,76.31,26.24,6.95,20.51,4.2,8.73,6.39,16.01,59.3,15.13,13.81,5.77,28.78,22.43,11.78,58.21,18.43,565.79,3.89,9.03,6.93,15.73,11.4,23.95,28.78,5.62,5.61,7.27,41.87,5.68,10.91,3.63,29.21,3.61,14.83,10.76,5.23,5.63,8.33,6.28,25.11,9.79,11.93,3.56,25.29
20181226,13.41,52,5.14,8.67,8.01,75.68,26.75,6.85,20.33,4.18,8.67,6.33,16.01,58.39,15.03,13.85,5.63,28.25,22.42,11.78,57.3,17.94,560.08,3.84,8.96,6.92,15.71,11.26,23.71,28.33,5.63,5.58,7.25,41.88,5.65,10.7,3.64,29.23,3.63,14.78,10.69,5.27,5.68,8.4,6.29,25.06,9.67,11.81,3.59,24.85
20181227,12.2,51.5,5.14,8.52,7.66,74.8,27.16,6.64,20.36,4.26,8.66,6.43,16.01,58.89,14.96,14.09,5.47,28.25,22.2,11.56,56.9,17.95,563,3.76,8.81,6.92,15.87,11.19,23.36,28.37,5.25,5.52,7.22,41.96,5.65,10.86,3.65,29.27,3.63,14.87,10.64,5.28,5.72,8.4,6.29,25.08,9.66,11.75,3.6,24.85
20181228,11.31,52.75,5.17,8.71,7.64,74.86,26.67,6.64,20.39,4.25,8.8,6.5,16.01,60.2,15.32,13.85,5.38,28.43,22.88,11.59,56.1,17.96,590.01,3.76,9.02,6.99,16.2,11.26,23.27,27.99,5.05,5.7,7.21,42.24,5.73,11.19,3.7,29.28,3.61,14.94,10.87,5.29,5.79,8.34,6.37,25.45,9.8,11.79,3.6,25.2
20190102,11.13,52.97,5.17,8.78,7.5,71.94,25.24,6.58,19.95,4.26,8.76,6.35,16.01,59.8,15.4,13.53,5.28,27.4,22.48,11.6,55.18,17.77,598.98,3.71,8.84,6.87,16.22,11.1,21.55,28.44,5.01,5.6,7.16,41.07,5.65,11.01,3.65,28.82,3.54,14.74,10.71,5.2,5.67,8.05,6.25,25.15,9.7,11.71,3.52,24.57
20190103,10.96,51.07,5.15,9.21,7.53,71.62,24.78,6.7,20.16,4.35,8.94,6.43,16.01,56.98,15.8,13.45,5.39,27.93,22.3,11.52,55.68,17.69,590,3.74,9.04,6.92,16.56,11.06,20.99,27.55,5.04,5.6,7.21,41.65,5.67,11.17,3.75,28.23,3.55,14.85,10.76,5.2,5.78,7.93,6.26,25.05,9.81,11.9,3.54,24.88
20190104,11.17,54.35,5.2,10.13,7.62,72.59,24.75,6.84,20.49,4.51,9.57,6.51,16.01,57.1,16.77,13.59,5.65,28.98,22.52,11.65,56.59,18.07,602,3.83,9.19,7.01,17.69,11.3,21.77,28.45,5.1,5.73,7.29,43.43,5.78,11.29,3.84,28.4,3.58,15.2,11.08,5.27,5.86,8.07,6.36,26.01,9.96,12.23,3.59,25.51
20190107,11.41,53.57,5.27,10.21,7.78,72.21,24.6,7.03,20.23,4.63,9.6,6.57,16.01,58.1,16.8,13.42,5.56,28.36,22.77,11.74,56.3,18.05,605.49,3.89,9.23,7.04,17.68,11.39,21.75,28.75,5.18,5.74,7.32,40.51,5.76,11.24,3.84,29.02,3.57,15.17,11.17,5.24,5.83,8.14,6.34,26.4,9.98,12.16,3.57,25.52
20190108,11.37,53.98,5.25,10.65,7.59,71.54,24.3,6.91,19.99,4.53,9.55,6.64,16.01,59.6,16.79,13.26,5.45,27.92,22.6,11.73,55.8,18.42,604.79,3.85,9.3,7.05,17.75,11.38,22.02,28.79,5.24,5.72,7.33,39.33,5.75,11.23,3.82,29.05,3.54,15.23,11.17,5.2,5.85,8.1,6.34,25.89,9.96,11.99,3.53,25.22
20190109,11.75,55.53,5.29,11.15,7.64,72.15,25.2,6.97,20.33,4.47,9.68,6.73,16.01,60.9,16.81,14,5.47,28.47,22.8,12.12,56.95,18.47,616.12,3.86,9.17,7.07,17.95,11.32,22.28,30.76,5.35,5.71,7.33,39.58,5.76,11.19,3.87,29.19,3.55,15.36,10.99,5.26,5.88,8.11,6.41,26.12,9.99,12.14,3.55,25.7
20190110,11.65,56.27,5.25,10.8,7.77,72.34,24.84,7.1,20.3,4.45,9.5,6.68,16.8,60.1,16.62,13.96,5.37,27.98,23.1,12.03,57.5,18.46,618.77,3.8,9.04,7.02,17.53,11.14,22.4,30.55,5.3,5.68,7.35,39.15,5.74,11.16,3.84,29.33,3.52,15.33,10.74,5.22,5.85,8.04,6.34,25.79,9.96,12,3.51,25.85
20190111,11.63,55.95,5.36,10.74,8.12,72.38,25.17,7.35,20.45,4.48,9.56,6.74,16.97,60.68,16.67,14.07,5.48,27.88,23.51,12.17,58.07,18.51,635.88,3.83,9.04,7.06,17.77,11.16,22.16,30.91,5.35,5.69,7.38,39.49,5.77,11.22,3.87,29.67,3.53,15.4,10.78,5.24,5.92,8.19,6.36,26.11,10.05,11.99,3.53,26.46
20190114,11.34,54.33,5.35,10.91,7.95,71.55,24.87,7.17,20.17,4.51,9.59,6.75,17,58.6,16.49,13.95,5.4,27.33,23.19,12.1,57.12,18.62,624.6,3.81,9.03,7.01,17.88,11.04,21.4,31.13,5.29,5.65,7.31,39.2,5.73,11.27,3.86,29.67,3.5,15.23,10.66,5.2,5.89,8.38,6.3,26.21,10.06,11.77,3.5,26.31
20190115,11.6,56.44,5.41,12,8.06,72.39,25.14,7.24,20.47,4.5,9.86,6.79,17.6,60.78,16.74,14.66,5.54,28.43,24.1,12.28,58.59,18.67,659.98,3.86,9.07,7.06,18.44,11.14,22.37,32.02,5.33,5.74,7.34,39.82,5.79,11.3,3.9,30.34,3.52,15.43,10.86,5.23,5.95,8.43,6.38,26.69,10.11,11.68,3.53,26.8
20190116,10.44,57.47,5.37,11.94,8.08,72.54,25.45,7.2,20.83,4.38,9.79,6.81,17.64,61.13,16.71,14.63,5.48,28.8,24,12.12,58.74,18.6,661.1,3.82,9.01,7.06,18.33,10.96,22.71,32.32,5.39,5.75,7.34,39.88,5.79,11.19,3.92,30.26,3.52,15.47,10.79,5.24,5.96,8.47,6.41,26.88,10.13,11.86,3.52,26.85
20190117,10.06,57.36,5.31,11.97,8.03,73.39,25.03,7.13,21.08,4.39,9.71,6.77,17.56,60.8,16.48,14.62,5.46,28.87,24.07,11.95,58.73,18.45,659.25,3.82,8.92,7.02,18.02,10.89,22.8,31.77,5.36,5.7,7.31,40.49,5.76,11.14,3.9,30.5,3.53,15.35,10.76,5.25,5.91,8.53,6.45,26.06,10.17,11.77,3.53,26.47
20190118,9.54,59.17,5.37,11.78,8.13,75.1,25.39,7.24,21.51,4.44,9.85,6.93,17.88,59.43,16.65,15.14,5.51,29.83,24.45,12.05,59.92,19.01,683.61,3.92,8.97,7.07,18.44,11.17,23.7,32.05,5.4,5.98,7.35,40.95,5.83,11.3,3.95,31.05,3.56,15.68,10.83,5.39,5.98,8.64,6.64,26.06,10.43,12.07,3.58,27.1
20190121,10.08,59.07,5.41,11.42,8.03,77.83,26.13,7.14,22.26,4.41,9.86,7.07,17.84,59.87,16.48,15.18,5.48,30,24.78,12.07,60.79,19.55,686.98,3.92,8.95,7.05,18.51,11.11,23.7,33.19,5.48,5.97,7.39,41.15,5.82,11.39,3.97,31.25,3.57,15.68,10.89,5.45,6.03,8.61,6.67,25.7,10.35,12.04,3.58,27.33
20190122,10.44,57.69,5.35,10.55,7.93,76.09,25.41,7.02,21.9,4.41,9.65,6.95,17.47,58.9,16.13,14.97,5.37,29.44,24.43,11.88,60.07,19.26,671,3.86,8.91,6.91,18.21,10.86,23.06,32.48,5.38,5.9,7.32,40.29,5.81,11.21,3.89,30.42,3.56,15.55,10.61,5.39,6.02,8.54,6.6,25.85,10.25,12.05,3.57,26.98
20190123,10.28,58.02,5.44,10.56,7.95,75.69,25.3,7.02,21.9,4.39,9.7,6.88,17.52,59.11,16.1,14.88,5.35,29.6,24.3,11.84,59.49,19.44,665.66,3.89,8.69,6.86,18.18,10.77,23.03,32.55,5.38,5.93,7.26,40.34,5.82,11.16,3.91,30.79,3.57,15.5,10.34,5.44,6,8.71,6.65,25.93,10.27,11.91,3.59,27.16
20190124,10.26,59.38,5.43,11.1,7.95,76.66,25.7,6.96,21.85,4.43,9.91,6.87,17.89,56,16.26,15.31,5.39,29.92,24.34,11.85,60.43,19.39,672.5,3.86,8.46,6.72,18.57,10.6,22.98,31.5,5.43,5.89,7.28,40.03,5.83,11.07,3.89,30.74,3.59,15.66,10,5.46,5.99,8.86,6.68,25.63,10.38,11.94,3.61,27.87
20190125,10.27,58.99,5.38,11.2,8.08,76.38,26.23,7.05,22.3,4.41,10.06,6.95,18.04,56.43,16.32,15.46,5.51,30.19,24.43,11.8,61.29,19.47,679.7,3.85,8.61,6.74,18.8,10.65,23.36,32.33,5.47,6.05,7.28,40.93,5.9,11.18,3.98,31.32,3.62,15.99,10.14,5.52,6.02,9.07,6.81,26.48,10.5,12.3,3.67,28.52
20190128,9.88,54.82,5.35,11.44,8.21,74.47,26.09,7.15,22.28,4.4,10.03,6.85,18,55,16.59,15.57,5.45,30.1,24.21,11.76,61.52,19.82,677,3.84,8.73,6.71,18.93,10.71,23.59,32.21,5.55,6.03,7.27,41.06,5.88,11.26,3.94,31.9,3.61,15.99,10.16,5.5,6.01,9.08,6.77,26.52,10.42,12.24,3.68,28.66
20190129,9.73,57.18,5.31,11.64,8.21,74.52,26.18,7.14,22.47,4.34,9.99,6.97,18.1,55.87,16.49,15.57,5.7,30.32,24.3,11.56,61.65,19.92,685,3.79,8.74,6.72,19.14,10.71,23.62,32.75,5.61,6.14,7.27,41.35,5.93,11.34,4,32.17,3.64,16.13,10.2,5.54,6.14,9.14,6.85,27.16,10.58,12.59,3.69,28.64
20190130,9.75,57.4,5.25,11.3,8.32,76.36,26.01,7.21,22.06,4.33,9.86,6.94,17.94,54.4,16.29,15.55,5.66,29.8,24.1,11.58,61.25,19.63,676,3.79,8.61,6.69,18.88,10.59,22.9,32.45,5.63,6.07,7.25,40.48,5.91,11.3,3.99,31.86,3.63,16.09,10.07,5.55,6.1,9.12,6.86,27.33,10.5,12.7,3.68,28.42
20190131,9.81,59.05,5.31,11.68,8.21,75.53,26.6,7.12,22.76,4.3,10.08,7.01,18.26,54.5,16.77,16,5.78,30.82,24.18,11.5,62.98,19.83,689.6,3.84,8.54,6.69,19.14,10.63,23.23,32.7,5.73,6.12,7.32,42.1,5.95,11.51,4.09,32.47,3.68,16.4,10.09,5.66,6.25,9.12,7.07,27.29,10.73,12.88,3.72,29.21
20190201,10.48,60.82,5.36,12.15,8.21,77.2,26.65,7.1,22.87,4.37,10.29,7.07,18.58,54.5,17.1,16.19,5.79,30.88,24.54,11.9,63.21,20.01,692.67,3.9,8.63,6.72,19.74,10.72,24.06,34.44,5.74,6.13,7.35,41.9,5.94,11.53,4.07,32.5,3.68,16.39,10.14,5.65,6.22,9.48,7.06,27.88,10.77,12.87,3.72,29.3
20190211,10.91,61.85,5.43,12.31,8.26,79.04,26.99,7.17,22.85,4.41,10.64,7.09,18.86,58.1,17.25,16.36,5.81,30.9,25.26,12.15,64.39,19.99,725.3,4.06,8.72,6.8,19.94,10.97,24.55,35.28,5.7,6.11,7.36,42.23,5.94,11.51,4.09,33.22,3.67,16.36,10.34,5.64,6.17,9.48,7.06,28.33,10.7,12.86,3.7,29.39
20190212,11.69,63.5,5.44,12.23,8.58,80.51,26.8,7.38,22.7,4.45,10.86,7.06,18.97,58.18,17.49,16.17,5.75,31.3,25.18,12.54,64.27,20.09,717.92,4.05,8.76,6.85,19.8,11.18,25.76,36.08,5.69,6.17,7.41,42.55,5.94,11.55,4.04,33.53,3.68,16.33,10.49,5.65,6.16,9.7,7.05,28.92,10.72,12.87,3.72,29.32
20190213,11.93,65.59,5.87,13,8.6,80.96,27.77,7.41,23.29,4.54,11.23,7.17,19.49,60,17.88,16.15,5.91,32.2,25.5,13.79,65.02,20.11,735.25,4.19,8.92,6.94,20.22,11.28,26,37.44,5.86,6.2,7.53,44.01,6.04,11.67,4.07,34.58,3.72,16.59,10.57,5.71,6.27,9.76,7.11,29.59,10.86,13.28,3.76,29.84
20190214,11.91,65.8,5.74,12.81,8.56,83.41,27.6,7.33,23.14,4.6,11.16,7.18,19.3,61.83,17.75,16.51,5.84,31.71,25.98,13.86,65.1,20.02,737.16,4.16,8.89,6.94,19.86,11.23,26.11,37.85,5.84,6.17,7.51,43.9,6.03,11.58,4.05,34.58,3.7,16.53,10.52,5.65,6.21,9.75,7.03,29.41,10.82,13.38,3.71,29.86
20190215,12.01,64.29,5.73,12.63,8.36,81.91,26.23,7.2,22.46,4.54,10.82,7.02,18.64,59.61,17.35,15.78,5.72,30.7,25.42,13.55,63.25,19.65,724.78,4.16,8.86,6.86,18.9,11.12,25.22,36.47,5.75,6.03,7.45,42.9,5.95,11.4,3.99,33.66,3.65,16.11,10.37,5.51,6.08,9.46,6.84,28.83,10.66,12.67,3.65,29.15
20190218,12.85,66.83,5.83,13.45,8.56,85.18,27.3,7.35,23.45,4.64,11.41,7.13,19.82,61.27,18.05,16.14,5.87,31.73,25.82,13.95,65.29,19.99,740,4.32,9.05,7.01,20.05,11.43,26.2,38.13,5.9,6.13,7.57,44.19,6.04,11.57,4.02,34.88,3.7,16.45,10.7,5.6,6.17,9.91,6.97,29.5,10.84,12.95,3.7,29.87
20190219,13.55,65.93,5.76,13.74,8.4,84.7,27.62,7.27,24.2,4.7,11.56,7.14,19.78,61.5,17.89,16.06,6.34,32.21,25.43,13.92,65.68,19.74,730.76,4.31,8.93,7,19.91,11.39,25.56,37.92,5.88,6.07,7.59,44.56,6.03,11.51,4.03,35.07,3.68,16.55,10.66,5.57,6.13,9.61,6.97,29.31,10.8,12.79,3.69,29.88
20190220,13.4,64.95,5.83,14.1,8.77,84,28.22,7.55,25.18,4.79,11.57,7.18,20.08,62.45,17.81,16,6.25,33.09,25.55,13.86,65.88,20.02,722,4.42,8.9,7.01,20.15,11.39,25.23,37.14,5.9,6.09,7.58,45,6.03,11.5,4.05,35.03,3.68,16.53,10.74,5.57,6.14,9.69,6.97,30.05,10.83,13.14,3.7,30.15
20190221,13.4,65.44,5.79,14.95,9.04,82.31,28.63,7.6,24.45,4.62,11.64,7.11,20.39,62.52,17.89,15.98,6.24,32.8,25.5,13.68,65.39,19.86,720.25,4.34,8.81,7.01,20.35,11.26,25.05,37.25,5.87,6,7.52,44.55,6,11.48,4.02,34.87,3.67,16.4,10.59,5.56,6.12,9.75,6.94,30.17,10.79,12.86,3.68,30.08
20190222,13.85,66.3,5.96,16.45,9.44,85.28,28.41,7.85,25.96,4.72,12.71,7.15,22.43,62.93,19.5,15.96,6.6,33.45,25.5,14.09,67.02,19.61,726.01,4.39,8.91,7.05,22.39,11.37,25.35,37.5,5.88,6.03,7.57,45.8,6.07,11.76,4.06,34.7,3.69,16.61,10.67,5.55,6.2,10.36,6.95,30.37,11.01,12.89,3.68,30.63
20190225,15.24,68.5,6.23,18.1,10.21,88.73,29.31,8.44,28.56,5.07,13.98,7.57,24.67,64.77,21.45,16.7,7.26,36.8,26.51,15.16,73,20.6,742.33,4.78,9.55,7.38,24.63,12.23,26.58,39.96,6.07,6.32,7.85,50.38,6.48,12.64,4.29,35.82,3.88,17.69,11.37,5.9,6.54,10.92,7.38,31.7,11.92,13.62,3.88,32.52
20190226,14.83,68,6.12,19.91,10.07,87.58,28.45,8.35,28.55,5.12,13.47,7.64,24.5,62.35,20.57,16.45,7.6,35.47,26.27,15.1,70.01,20.81,727.35,4.92,9.5,7.47,24.1,12.48,28.37,40.04,6,6.3,7.8,50.51,6.46,12.23,4.17,35.36,3.84,17.37,11.56,5.77,6.35,10.8,7.19,31.58,11.65,13.23,3.79,31.49
20190227,14.31,68.8,6.69,21.9,10.28,86.79,28.29,8.61,29.3,5.26,13.18,7.53,24.05,63.08,20.09,16.66,8.36,34.85,26.63,14.93,69.98,20.61,740.7,4.8,9.57,7.44,23.75,12.67,28.48,40.01,6.04,6.25,7.83,51.22,6.56,12.5,4.26,35.17,3.88,17.73,11.52,5.81,6.43,10.4,7.25,31.56,11.83,13.3,3.82,31.71
20190228,14.4,71.9,6.43,20.12,9.88,89.88,28.32,8.35,28.38,5.21,12.71,7.5,23.51,63.8,19.51,16.48,7.96,34.02,27.04,15.09,70.01,20.44,755.01,4.76,9.46,7.36,23.01,12.35,28.78,40.87,6.01,6.15,7.83,50.16,6.53,12.3,4.23,35.45,3.84,17.86,11.4,5.75,6.4,10.39,7.18,31.62,11.74,13.21,3.8,31.74
20190301,14.03,72,6.55,22.13,9.87,89.89,28.68,8.39,31.1,5.33,13.02,7.61,24.46,64.45,19.96,17.17,8.76,35.3,27.81,15.08,72.39,20.83,789.3,4.79,9.51,7.46,23.75,12.49,28.71,42.08,6.08,6.23,7.88,52.33,6.69,12.47,4.4,36.68,3.9,19.3,11.55,5.85,6.59,10.72,7.34,31.04,12.02,13.35,3.85,32.9
20190304,14.18,72.27,6.57,23.41,9.87,96.66,28.54,8.42,31.02,5.55,13.07,7.7,24.49,63.73,20.01,17.43,9.64,35.08,27.97,15.31,72.58,21.07,781.86,4.83,9.63,7.52,23.76,12.57,29.57,41.55,6.11,6.31,7.91,53.8,6.74,12.59,4.49,37.18,3.92,19.3,11.66,5.86,6.7,11.54,7.36,31.65,12.02,13.9,3.87,32.69
20190305,15.05,72.12,6.85,25.75,9.89,99.34,28.12,8.5,30.71,5.56,13.03,7.71,24.8,62.4,20.09,17.53,10.6,34.62,27.74,15.45,72.07,21.1,779.78,4.88,9.72,7.57,23.49,12.75,29.62,41.03,6.09,6.36,7.87,54,6.75,12.58,4.47,37.01,3.9,19.08,11.79,5.82,6.73,11.48,7.3,32.8,11.98,14.16,3.84,32.35
20190306,14.79,71.25,6.92,28.33,10.03,98.28,27.77,8.54,31.48,5.52,13.46,7.82,26.7,61.67,20.77,17.26,11.66,34.94,27.32,16.72,72.16,21.22,768,5.07,9.72,7.64,24.4,12.79,29.85,41.18,6.13,6.41,7.98,54.09,6.75,12.7,4.48,37.23,3.93,19.28,11.92,5.85,6.69,11.57,7.33,32.19,12.02,13.99,3.85,32.22
20190307,14.57,70.38,6.86,31.16,9.78,95.38,27.01,8.34,30.35,5.4,14.81,7.78,26.76,61.5,21.81,16.7,12.83,34.01,26.53,17.19,70.29,20.91,748.6,5.15,9.63,7.61,24.45,12.85,28.79,39.58,6.08,6.32,7.94,52.45,6.65,12.71,4.36,36.22,3.89,18.74,11.76,5.76,6.57,11.22,7.2,30.69,11.88,13.53,3.8,31.3
20190308,15.51,69.66,6.47,28.04,9.15,93.56,26.49,7.81,28.16,5.1,14.31,7.38,24.08,59.55,20.01,15.72,11.55,32.66,26.35,15.82,68.7,20.02,737.5,4.76,9.14,7.24,22.01,12.08,27.58,37.49,5.85,6.03,7.66,49.15,6.4,12.05,4.17,35.15,3.75,17.9,11.06,5.59,6.3,11.08,6.91,28.74,11.5,13.04,3.69,30.78
20190311,15.78,70.3,6.88,25.9,9.3,96.35,26.68,7.87,28.8,5.24,14.37,7.41,24.09,61,20.23,16.14,10.41,32.79,26.81,16.32,68.79,20.11,758.54,4.85,9.25,7.37,22.17,12.24,28.65,39.07,5.87,6.1,7.71,49.86,6.43,12.13,4.17,35,3.79,17.92,11.21,5.61,6.32,11.18,6.97,29.23,11.47,13.03,3.71,30.53
20190312,16.16,69.81,7.5,26.92,9.3,95.74,26.74,7.87,28.6,5.34,14.15,7.48,24.68,60.14,20.53,15.87,10.65,32.63,26.89,16.18,69.25,20.12,745.01,4.85,9.3,7.42,22.67,12.25,29.09,38.77,5.98,6.13,7.75,50.52,6.45,12.07,4.18,35.67,3.83,17.97,11.23,5.62,6.34,11.76,7.01,29.09,11.44,13.03,3.74,30.66
20190313,15.25,69.88,7.13,27.75,9.21,94.5,25.56,7.91,28.74,5.22,13.72,7.39,23.92,59.93,20.1,16.06,10.09,32.77,26.37,15.32,71.54,19.97,754,4.83,9.3,7.37,22.15,12.34,30.28,38.14,5.89,6.08,7.69,49.82,6.44,12.11,4.16,35.5,3.8,18.17,11.14,5.58,6.36,11.51,6.95,30.01,11.44,13.25,3.71,31.04
20190314,14.76,70.06,6.95,28.43,9.6,92.34,25.76,8.25,28.38,5.13,13.29,7.3,23.37,60.14,19.22,16.1,9.61,32.61,26.32,14.73,72.8,19.85,778,4.75,9.16,7.28,21.93,12.35,29.06,38.58,5.93,6.07,7.67,50,6.44,12.06,4.13,36,3.79,18.19,11.06,5.57,6.37,11.66,6.95,29.78,11.46,13.25,3.7,31.45
20190315,14.85,71.52,6.91,26.91,9.71,93.65,25.78,8.18,28.75,5.2,13.76,7.32,23.81,60.95,19.25,16.86,9.55,32.89,26.59,14.86,73.85,19.98,777.3,4.76,9.21,7.29,22.52,12.49,29.42,41.03,5.94,6.12,7.7,51.25,6.45,12.08,4.13,36.72,3.79,18.44,11.22,5.58,6.38,12.38,7.03,30.72,11.43,13.78,3.71,31.67
20190318,15.45,74.1,7.07,26.5,9.97,96.96,26.35,8.3,29.6,5.38,13.97,7.57,24.63,62.9,19.75,17.26,10.06,33.45,28.56,15.19,75,20.7,810.09,4.95,9.44,7.55,23.36,12.96,30.62,42,6.06,6.37,7.81,52.6,6.54,12.22,4.22,36.27,3.84,18.65,11.96,5.65,6.49,12.99,7.15,31.53,11.59,14.4,3.75,32.36
20190319,15.56,72.1,7.1,25.66,9.94,97.48,26.6,8.35,29.57,5.35,13.7,7.51,24.23,62.89,19.61,17.09,10.1,33.06,28.05,15.26,75.35,20.51,792.61,4.93,9.36,7.48,22.99,12.75,30.14,42,6.05,6.28,7.8,52.08,6.5,12.18,4.18,36.25,3.81,18.61,11.82,5.65,6.44,12.8,7.14,31.84,11.55,14.24,3.74,32.03
20190320,15.66,72.72,7.18,26.13,9.82,94.21,26.38,8.27,29.42,5.32,13.92,7.45,24.56,63.7,19.7,16.72,10.14,32.66,27.96,15.06,76.55,20.5,792.8,4.88,9.3,7.43,23.1,12.66,29.94,41.27,6,6.25,7.77,52.3,6.48,12.16,4.18,36.88,3.79,18.55,11.82,5.61,6.48,13.1,7.14,31.75,11.55,14.37,3.73,32.27
20190321,15.65,72.4,7.13,25.74,9.84,94.34,26.17,8.31,29.4,5.34,14.21,7.42,24.9,63.9,19.99,16.68,10.19,33.1,27.63,15.3,75.8,20.68,785.75,4.87,9.3,7.4,23.27,12.68,29.81,41.05,6.01,6.23,7.82,55.22,6.45,12.13,4.14,38.07,3.79,18.29,11.71,5.59,6.4,13.12,7.07,31.64,11.46,14.14,3.71,31.98
20190322,15.33,73.13,7,24.5,9.86,96.87,26.24,8.23,28.89,5.32,13.97,7.41,24.8,64.25,19.87,16.67,9.99,33.14,27.92,15.09,74.72,21.13,794,4.78,9.24,7.38,22.94,12.8,29.76,41.56,5.98,6.25,7.77,55.55,6.42,12.02,4.11,37.35,3.8,18.1,11.7,5.58,6.39,12.87,7.03,31.27,11.39,13.94,3.72,32.35
20190325,14.71,71.2,6.81,24.2,9.55,93.65,25.58,8.03,27.32,5.81,13.33,7.2,23.7,62.61,19.21,16.35,9.44,32.91,27.17,14.67,72.29,19.97,775.6,4.61,9.09,7.29,21.81,12.83,28.86,40.43,5.82,6.06,7.6,51.95,6.29,11.78,4.02,35.97,3.73,17.51,11.44,5.47,6.2,12.31,6.84,30.3,11.03,13.46,3.66,31.17
20190326,14.12,71.55,6.58,24.69,9.36,89.45,25.72,7.83,26.9,5.48,12.84,7.1,22.91,63.65,18.78,16.43,9.16,33.32,27.35,14.24,72.69,19.42,773,4.51,8.99,7.17,20.99,12.32,28.28,41.03,5.7,5.98,7.54,51.09,6.26,11.71,4,36.04,3.72,17.53,11.16,5.45,6.19,12.09,6.81,30.44,11.09,13.33,3.67,31.49
20190327,14.13,74.36,6.63,24.09,9.88,90.35,25.39,8.09,26.99,5.45,12.91,7.13,22.97,65.47,18.91,16.92,9.27,33.45,28.2,14.25,74.22,19.46,788.5,4.48,8.97,7.16,20.98,12.22,29.03,44.77,5.72,6,7.55,51.82,6.25,11.72,4.02,37.45,3.73,17.63,11.21,5.51,6.18,12.3,6.9,29.95,11.08,13.69,3.69,32.4
20190328,14.15,64.65,6.63,23.23,10.04,90.4,25.36,8.07,26.38,5.45,12.75,7.08,22.83,67.79,18.8,16.48,8.99,32.74,28.3,14.3,73.4,19.23,806.8,4.53,9.09,7.12,21.08,12.17,28.61,43.7,5.64,5.96,7.49,50.8,6.2,11.7,4,37.35,3.71,17.53,11.15,5.45,6.11,12.06,6.82,29.32,11.03,13.38,3.67,32.52
20190329,14.67,65.42,6.79,25.55,10.84,93.82,26.07,8.55,28.32,5.84,14.03,7.23,24.78,70.08,20.15,17.11,9.59,34.04,29.11,14.75,77.1,19.61,853.99,4.66,9.1,7.27,22.41,12.51,29.78,45.53,5.74,6.12,7.6,53.69,6.34,11.98,4.1,38.18,3.77,18.17,11.51,5.57,6.24,12.78,6.95,31.02,11.28,14.24,3.73,33.92
20190401,15.3,65.75,6.98,26.38,11.12,95.06,26.59,8.7,28.82,6.42,14.41,7.54,25.28,69.98,20.43,18.08,9.83,34.79,29.77,15.56,78.6,20.15,859,4.95,9.25,7.36,22.75,12.7,30.47,46.99,5.84,6.24,7.69,55.65,6.46,12.19,4.16,39.7,3.83,18.65,11.66,5.64,6.32,12.95,7.14,32.14,11.44,14.67,3.77,34.08
20190402,15.1,65.28,6.94,26.71,10.93,94.01,26.42,8.65,28.9,6.47,14.53,7.58,25.2,70.42,20.29,17.87,10.3,34.82,29.31,16.01,78.96,19.97,850,5.03,9.19,7.35,22.42,12.65,30.06,47.55,5.81,6.19,7.66,55.84,6.45,12.17,4.15,39.84,3.83,18.81,11.54,5.66,6.28,12.63,7.16,31.84,11.44,14.44,3.75,34.49
20190403,15.23,65.58,6.98,26.77,11.23,94.22,27.17,8.83,28.9,6.54,15.98,7.78,26.16,71.62,20.96,18.17,10.11,35.27,29.33,16.08,79.86,20.16,844.5,5.01,9.36,7.49,23.32,13.35,30,46.83,5.86,6.34,7.73,57.11,6.5,12.34,4.17,41.13,3.84,18.98,12,5.7,6.3,12.92,7.23,32.06,11.5,14.61,3.74,34.86
20190404,15.04,66.14,6.91,25.81,11.89,93.12,28.61,9.65,29.35,6.65,15.82,7.76,26,72.35,21.12,18.24,10.03,35.62,29.78,15.84,80.2,20.48,865,5.07,9.39,7.49,23.62,13.68,29.61,47.43,5.93,6.31,7.73,59.11,6.56,12.43,4.23,41.95,3.89,19.28,12.18,5.81,6.33,13.36,7.44,31.78,11.71,14.55,3.79,35.59
20190408,14.42,63.98,6.77,25.02,11.11,92.28,28.08,9.12,30.12,6.73,15.41,7.98,25.31,72.11,20.53,18.1,9.72,36,28.62,15.62,80.59,20.53,900.2,5.09,9.35,7.49,22.98,14.12,29.2,50.3,6.03,6.39,7.77,60,6.61,12.6,4.26,44.56,3.9,19.46,12.1,5.82,6.37,13.8,7.38,31.4,11.72,14.46,3.79,35.93
20190409,14.43,64.82,6.8,25.33,11.17,94.08,28.58,9.09,29.36,6.55,15.22,7.84,25.41,73.23,20.58,18.47,9.74,35.42,31,16.21,81.1,20.22,905,4.96,9.4,7.58,22.76,13.92,30.7,50.29,5.96,6.47,7.73,58.82,6.56,12.46,4.24,43.22,3.87,19.1,12.04,5.78,6.34,13.56,7.33,34.14,11.54,14.92,3.78,35.23
20190410,14.3,65.73,6.77,25.42,11.14,97.6,29.23,9.04,29.07,6.53,14.83,7.81,24.95,72.4,20.36,18.14,9.58,35.11,31.49,15.9,82.03,20.24,947.99,4.95,9.33,7.49,22.65,14.12,31.75,49.1,5.9,6.53,7.69,58.62,6.53,12.48,4.17,44,3.86,19.18,11.97,5.75,6.3,14,7.31,34.51,11.48,14.65,3.77,35.07
20190411,13.9,63.98,6.62,24.2,10.75,94.88,28.98,8.75,28.65,6.32,14.49,7.68,24.42,72.25,20.16,17.44,9.45,34.85,30.32,15.67,80.71,19.88,925.2,4.89,9.25,7.36,22.02,13.65,30.3,46.73,5.83,6.35,7.62,58.53,6.49,12.37,4.13,41.95,3.86,18.91,11.66,5.73,6.29,13.18,7.23,33.39,11.47,14.2,3.73,34.96
20190412,14.01,64.62,6.62,24.56,10.7,96.25,28.3,8.7,28.59,6.32,14.61,7.57,24.27,71.38,20.29,17.22,9.55,34.99,30,15.71,80.44,19.92,914,4.85,9.23,7.4,22.11,14.2,30.1,46.36,5.82,6.4,7.64,57.19,6.51,12.51,4.14,41.7,3.87,18.98,11.76,5.73,6.29,12.98,7.22,32.52,11.49,13.9,3.74,34.8
20190415,12.9,63.35,6.59,24.16,10.68,93.01,28.06,8.59,28.96,6.33,14.3,7.52,23.8,72.91,20.06,17.15,9.57,35.94,30,15.5,81.66,20.01,907,4.85,9.22,7.4,21.62,13.9,29.3,46.22,5.81,6.51,7.61,59.7,6.5,12.41,4.17,42,3.89,19.16,11.65,5.81,6.29,12.87,7.37,32.96,11.47,13.84,3.78,34.82
20190416,13.31,64.86,6.93,24.53,11.03,93.9,28.52,8.77,30.1,6.46,14.7,7.67,24.5,74.67,20.42,17.63,9.72,37.55,30.87,16.28,85.01,20.4,939.9,4.96,9.35,7.53,22.04,14.19,29.86,47.71,5.9,6.68,7.73,61.96,6.69,12.89,4.34,43.26,4,20.6,11.93,6,6.5,13.22,7.73,33.2,11.95,14.48,3.89,36
20190417,13.4,64.53,6.85,24.22,11.2,93.94,30.22,8.82,29.84,6.49,14.45,7.66,24.36,76.18,20.22,17.78,9.61,37.5,30.78,17.91,84.48,20.28,952,4.91,9.38,7.49,21.81,13.92,30,47.48,5.88,6.62,7.68,62.28,6.64,12.77,4.38,42.58,4.03,20.33,11.79,6.01,6.47,13.11,7.76,32.8,11.91,14.19,3.88,35.83
20190418,13.23,64.13,6.87,23.78,11.14,92.95,29.54,8.87,30.09,6.75,14.36,7.72,24.28,78.23,20.04,17.87,9.5,38.37,30.84,19.61,84.3,20.2,945.5,4.82,9.31,7.52,21.66,13.91,29.41,46.88,5.85,6.55,7.67,62.91,6.61,12.69,4.31,42.44,4,20.13,11.84,5.94,6.39,13.16,7.59,32.34,11.91,14,3.84,35.5
20190419,13.15,64.45,7.15,24.14,11,92.95,29.63,8.88,31.38,6.69,14.52,7.74,24.5,78.64,20.21,18.36,9.61,39.39,31.14,17.89,87,20.49,952.56,4.85,9.4,7.55,21.92,14.15,29.72,47.32,5.87,6.6,7.66,64.43,6.63,12.79,4.32,42.58,4.03,20.3,11.99,5.98,6.42,13.13,7.62,33.69,12.01,14.2,3.85,36
20190422,13.18,62.14,7.23,25.17,10.4,91.8,28.42,8.47,29.88,6.51,13.9,7.58,23.79,78,19.73,17.68,9.48,37.83,30.98,17.08,84.96,20.01,949.2,4.62,9.26,7.46,21.3,13.79,29.15,46.75,5.93,6.4,7.73,62,6.5,12.73,4.22,40.71,3.93,19.37,11.76,5.83,6.27,12.19,7.37,31.9,11.71,13.4,3.78,34.8
20190423,13.5,62.84,7.03,27.18,10.2,89.25,28.41,8.32,30.13,6.17,14.05,7.55,23.95,77.4,19.8,17.7,9.58,37.4,30.48,17.18,86.06,19.89,974.95,4.55,9.08,7.32,21.43,13.31,28.93,47.8,5.88,6.38,7.7,61.03,6.47,12.85,4.24,40.62,3.95,19.41,11.44,5.81,6.27,12.29,7.39,31.93,11.7,13.4,3.77,35.23
20190424,14.33,62.85,7.1,26.76,10.3,88.9,28.42,8.36,29.7,6.12,14.19,7.56,24.18,78.83,19.86,17.47,9.51,37.11,30.74,16.93,85.03,19.9,970,4.6,9.1,7.35,21.57,13.41,29.14,46.82,5.82,6.4,7.65,60.81,6.44,12.77,4.23,40.72,3.91,19.4,11.54,5.81,6.25,12.33,7.41,31.66,11.62,13.36,3.77,35.8
20190425,14.1,63.9,6.82,27.02,9.97,88.1,27.39,8.2,29.49,5.89,13.83,7.23,23.5,79.32,19.33,17.02,9.44,36.8,30.45,16.17,83.4,19.54,952.37,4.45,8.86,7.16,21.19,12.72,28.58,45.53,5.73,6.22,7.51,59.86,6.38,12.5,4.19,39.5,3.89,19.25,11.12,5.73,6.23,11.88,7.33,31.22,11.54,13.3,3.74,35.43
20190426,14.16,62.33,6.71,27.75,9.84,88.29,26.58,8.04,30.08,5.77,14.3,7.19,23.59,77.3,19.32,16.75,9.15,36.21,30,16.01,83.11,19.37,945,4.37,8.66,7,21.3,12.44,28.33,43.99,5.66,6.1,7.42,59.1,6.28,12.24,4.09,39.49,3.86,18.95,10.8,5.71,6.18,11.92,7.26,30.58,11.32,13.24,3.72,34.36
20190429,13.53,65.32,6.71,24.98,9.98,89.99,26.72,8.27,30.99,5.53,13.93,7.16,23.02,79.98,18.92,16.67,8.6,36.78,30.75,15.5,86.43,19.52,971.97,4.17,8.5,6.96,20.47,12.29,28.88,45.3,5.66,6.14,7.4,58.09,6.38,12.37,4.17,40.3,3.89,19.44,10.78,5.8,6.24,12.3,7.41,30.9,11.48,13.46,3.74,35.33
20190430,13.06,65.75,6.67,23.36,10.15,88.52,27.38,8.48,30.3,5.67,13.98,7.17,23.04,77.49,18.83,17.18,8.59,36.18,31,15.42,86.1,19.69,974,4.21,8.64,7.04,20.4,12.32,29.1,45.23,5.68,6.13,7.41,57.45,6.4,12.67,4.17,39.95,3.89,19.92,10.84,5.81,6.26,12.25,7.44,31.42,11.97,13.49,3.76,34.45
20190506,11.75,64.2,6.06,21.02,9.18,80.84,26.12,7.65,27.58,5.12,12.58,6.9,20.74,76.01,17.14,16.32,7.81,34.3,30,13.92,81.2,18.89,906,3.91,8.16,6.73,18.36,11.11,26.56,42.5,5.44,5.79,7.34,52.38,6.23,12.31,4.04,38.51,3.78,19.34,10.04,5.72,6.19,11.4,7.15,29.2,11.8,12.83,3.65,33.91
20190507,11.64,66.14,6.08,21.66,9.25,80.85,26.17,7.76,27.67,5.17,12.67,6.87,20.75,76.4,17.22,16.76,7.92,34.03,30.55,14.18,81.17,18.9,890,3.97,8.23,6.74,18.45,11.42,26.99,42.99,5.45,5.84,7.29,52.12,6.24,12.13,4.04,39.18,3.78,19.13,10.1,5.66,6.12,12.12,7.11,29.8,11.8,12.94,3.66,33.71
20190508,11.67,64.23,5.97,20.67,9.09,80,25.93,7.63,27,5.17,12.37,6.74,20.27,73.41,16.95,16.49,7.87,33.23,30.14,13.96,78.78,18.54,884.4,3.97,8.15,6.68,18.29,11.43,26.65,42.61,5.38,5.76,7.24,51.15,6.19,11.82,3.98,38.45,3.72,18.63,10,5.59,6.05,11.85,7.01,29.7,11.51,12.84,3.61,33.13
20190509,11.44,62.5,5.82,20.43,8.79,74.76,25.55,7.41,26,5.11,12.05,6.68,19.78,73.65,16.74,15.9,7.98,32.11,29.18,13.83,76.66,18.36,858.81,3.93,8.1,6.62,18.08,11.33,25.71,40.34,5.35,5.65,7.21,49.95,6.12,11.6,3.92,37.72,3.69,18.02,9.93,5.52,6,11.86,6.9,28.9,11.12,12.51,3.59,32.42
20190510,12.16,64.12,6.07,21.84,9.12,78.28,26.33,7.62,27.01,5.28,12.77,6.87,20.64,77.15,17.47,16.43,8.36,33.75,30.26,14.22,81.38,18.61,907.12,4,8.21,6.73,18.99,11.54,26.5,42.1,5.43,5.73,7.28,53.24,6.19,11.79,3.96,38.99,3.75,18.48,10.12,5.61,6.05,12.45,7,29.74,11.32,12.97,3.65,33.61
20190513,11.68,64.17,5.95,21.35,8.8,79.8,25.52,7.4,25.43,5.18,12.43,6.76,20.04,77.02,16.94,15.74,8.14,32.76,30.4,13.88,78.65,18.54,892,3.91,8.11,6.65,18.49,11.4,25.94,40.07,5.37,5.67,7.24,51.18,6.14,11.56,3.91,38.31,3.71,18.16,9.97,5.54,5.99,12.21,6.96,30.08,11.31,12.81,3.6,32.8
20190514,11.69,63.03,5.99,21.31,8.68,80.57,25.26,7.21,25.73,5.14,12.32,6.67,19.88,75.15,16.77,15.79,8.02,32.7,30.02,13.61,78.3,18.41,886.57,3.89,8.03,6.64,18.17,11.32,25.71,40.19,5.36,5.63,7.22,50.86,6.11,11.51,3.88,38.14,3.68,18.16,9.89,5.52,5.97,11.96,6.92,29.98,11.21,12.84,3.58,32.56
20190515,10.99,65.41,6.09,22.36,8.86,81.51,25.71,7.33,26.12,5.19,12.64,6.8,20.3,77.8,16.94,16.27,8.23,33.55,31.03,13.89,80.54,18.6,927,3.93,8.08,6.68,18.56,11.43,26.37,41.02,5.4,5.7,7.27,52.35,6.15,11.59,3.9,39.6,3.75,18.56,9.99,5.57,6,12.14,7.02,30.29,11.32,12.95,3.61,33.63
20190516,10.45,64.28,6.03,22.17,8.91,81.47,26.03,7.41,26.03,5.23,12.57,6.84,20.23,79,16.9,16.38,8.24,33.3,31.4,13.83,80.97,18.77,929.91,4.05,8.13,6.71,18.56,11.47,26.6,41,5.44,5.73,7.28,51.92,6.14,11.58,3.91,40.41,3.78,18.55,10.09,5.59,6,12.15,7,31.36,11.3,12.98,3.62,33.67
20190517,9.97,62.76,5.85,21.11,8.5,80.46,25.48,7.14,25.35,5.05,12.09,6.76,19.64,77.19,16.3,15.78,8,32.57,30.41,13.2,79.1,18.47,906.79,3.92,7.99,6.55,17.92,11.16,25.87,39.82,5.41,5.63,7.2,49.86,6.08,11.35,3.87,38.95,3.73,18.29,9.89,5.57,5.96,11.7,6.92,30.71,11.24,12.62,3.61,33.31
20190520,8.97,60.25,5.88,21.74,8.34,78.49,24.88,7.07,25.52,5.08,12.14,6.75,19.87,76.01,16.42,15.82,8.17,32.82,30.08,13.2,77.87,18.28,884.96,3.94,8,6.53,17.99,11.11,25.2,38.62,5.46,5.54,7.23,49.31,6.11,11.4,3.88,38.44,3.82,18.21,9.82,5.61,5.97,11.59,6.96,30,11.34,12.57,3.65,33.28
20190521,9.87,60.81,6.02,22.35,8.44,81.12,24.96,7.18,25.76,5.17,12.26,6.76,20.23,76.32,16.56,16.22,8.21,33.51,30.25,13.5,78.2,18.43,895,4.06,8.04,6.58,18.47,11.18,25.71,40.72,5.48,5.56,7.23,50.24,6.12,11.46,3.91,39.45,3.8,18.34,9.87,5.64,5.99,11.89,7,30.21,11.32,12.7,3.67,33.63
20190522,10.1,61.06,5.96,21.96,8.5,81.97,24.49,7.19,25.45,5.1,12.15,6.66,20.14,76.97,16.35,16.06,8.12,33.6,30.3,13.37,77.64,18.38,888,4.01,7.95,6.51,18.42,10.93,25.75,40.89,5.45,5.48,7.19,50.02,6.11,11.4,3.9,39.26,3.81,18.2,9.58,5.65,5.99,11.95,6.98,29.67,11.16,12.74,3.67,33.53
20190523,10.04,59.61,5.84,22.19,8.26,79.09,23.34,7.03,25.14,5.03,12.04,6.62,20.05,75.33,16.28,16.11,8.08,32.89,29.91,13.04,75.44,18.21,861,3.92,7.81,6.44,18.53,10.96,25.27,40.11,5.46,5.48,7.2,49.4,6.08,11.23,3.87,38.8,3.79,18.05,9.39,5.65,5.96,11.9,6.96,29.07,11.1,12.57,3.68,33.35
20190524,9.66,60.07,5.72,22.5,8.36,79.71,23.47,7.15,25.3,4.98,12.02,6.66,20.07,75.3,16.29,16.12,8.25,32.9,29.9,12.9,76.5,18.35,878.5,3.88,7.79,6.45,18.6,10.95,25.1,40.14,5.39,5.51,7.16,49.84,6.1,11.41,3.86,39.15,3.79,18.24,9.38,5.7,5.99,12.03,7.01,28.8,11.11,12.57,3.69,33.6
20190527,10.63,61.2,5.86,23.76,8.54,80.39,23.72,7.29,25.66,5.1,12.38,6.75,20.63,75.79,16.63,16.15,8.44,33.08,30.01,13.26,77.18,18.44,879,3.94,7.9,6.52,19.24,11.08,25.26,38.55,5.43,5.57,7.18,50.43,6.14,11.49,3.89,39.17,3.81,18.11,9.47,5.65,5.99,12.31,6.99,29.36,11.22,12.68,3.7,33.78
20190528,10.86,62.52,6.05,23.53,8.52,79,24.78,7.29,25.71,5.16,12.3,7,20.59,78,16.6,16.3,8.36,33.41,30.35,13.4,78.19,18.58,888,3.95,8.05,6.5,19.3,11.13,25.56,38.9,5.44,5.6,7.18,51,6.18,11.51,3.92,39.76,3.84,18.05,9.58,5.67,6,12.65,7.01,29.95,11.29,12.38,3.72,34.38
20190529,11.07,61.91,5.97,23.97,8.5,79.72,24.29,7.21,26.95,5.21,12.32,6.94,20.55,76.7,16.45,16.05,9.1,35.81,29.92,13.63,79.78,18.48,911.91,4,7.99,6.45,19.17,11.04,25.29,39.42,5.41,5.57,7.15,54.8,6.13,11.38,3.87,39.79,3.84,17.68,9.47,5.65,5.97,12.58,6.96,29.54,11.12,12.23,3.68,34.25
20190530,10.94,61.91,5.93,23.52,8.42,79,24.05,7.15,26.37,5.14,12.19,6.92,20.21,75.82,16.24,15.86,9.06,34.95,30.06,13.47,79.09,18.66,905.3,4.1,7.97,6.43,18.7,10.93,24.88,38.52,5.47,5.6,7.19,52.78,6.13,11.32,3.88,39.28,3.89,17.6,9.42,5.67,5.98,12.35,6.99,29.55,11.11,12.17,3.71,34.3
20190531,10.72,62.16,5.93,23,8.46,79.2,23.95,7.19,26.12,5.13,12.1,6.3,20.13,77.39,16.07,15.9,9.06,34.42,30.01,13.68,79,18.39,890,4.03,7.91,6.43,18.63,10.92,24.74,38.04,5.43,5.61,7.15,51.6,6.11,11.26,3.84,39.55,3.88,17.57,9.4,5.61,5.96,12.07,6.98,29.63,11.13,12.16,3.68,34.21
20190603,10.78,63.22,6.09,23.43,8.81,78.31,24.4,7.31,26.21,5.13,12.29,6.38,20.19,76.62,16.04,16.05,9.15,34.71,30.59,13.38,79.25,18.56,892,3.98,7.92,6.43,18.82,10.91,24.66,38.29,5.44,5.63,7.13,51.8,6.17,11.38,3.89,39.35,3.7,17.65,9.46,5.7,5.99,11.96,7.01,29.4,11.28,12.18,3.73,34.4
20190604,10.37,62.03,6.13,23.4,8.8,77.52,24.67,7.19,26.04,5.04,12.42,6.35,20.13,75.7,15.9,15.78,8.81,34.32,30.29,13.08,77.97,18.7,875.3,3.9,7.9,6.39,18.88,10.87,23.91,38.23,5.43,5.59,7.1,49.99,6.18,11.4,3.9,38.21,3.7,17.67,9.34,5.73,6.03,11.97,7.08,29.08,11.35,12.15,3.75,34.03
20190605,10.58,59,6.33,23.28,8.86,77.19,24.52,7.2,26.06,5.03,12.73,6.34,20.33,74.55,15.98,15.73,8.7,33.83,30.12,13.08,77.5,18.91,871.6,3.91,7.91,6.42,18.96,10.95,22.81,38.01,5.48,5.66,7.1,49.54,6.19,11.41,3.92,37.9,3.72,17.81,9.44,5.76,6.07,12.09,7.16,29.61,11.41,12.56,3.77,33.95
20190606,10.28,57.98,6.08,22.73,8.7,77.17,24.56,7.06,26.07,5,12.58,6.3,20.07,73.93,15.9,15.56,8.57,33.88,30,12.83,77.11,18.86,862.13,3.86,7.87,6.38,18.75,10.83,22.45,37.81,5.48,5.67,7.03,49.17,6.2,11.47,3.92,38.28,3.72,17.86,9.38,5.73,6.07,11.95,7.16,29.3,11.47,12.54,3.77,33.9
20190610,10.12,58.63,6.17,20.84,8.6,78.85,24.28,6.98,26.45,5,12.39,6.35,20.08,75.94,16.04,15.97,8.69,34.6,30.68,11.68,79.1,19.15,871.08,3.91,7.99,6.41,18.39,10.93,22.67,38.26,5.54,5.74,7.05,50.56,6.23,11.52,3.94,38.84,3.74,18.18,9.52,5.78,6.11,12.21,7.28,29.7,11.61,12.79,3.79,34.74
20190611,11.13,60.12,6.28,22.03,8.99,81.02,24.55,7.25,27.06,5.15,13.12,6.47,21.09,78.7,16.68,16.42,9.13,35.24,32.43,12.1,81.7,19.35,910.89,4.04,8.2,6.63,19.37,11.5,23.58,40.1,5.3,5.97,7.11,52.01,6.28,11.63,3.97,40.69,3.76,18.42,10.16,5.79,6.15,12.92,7.3,30.6,11.42,12.93,3.81,35.42
20190612,11.1,60.35,6.18,21.31,9.02,80.78,24.74,7.23,26.79,5.09,12.88,6.4,20.81,79.05,16.5,16.31,8.96,34.96,31.75,11.91,80.52,19.45,906.7,4.06,8.14,6.64,19.25,11.32,23.27,39.78,5.26,5.93,7.06,51.64,6.27,11.7,3.98,40.94,3.73,18.35,10.11,5.76,6.17,12.9,7.25,30.28,11.6,12.84,3.81,35.33
20190613,10.98,61.3,6.16,21.04,8.86,80.9,24.58,7.18,26.79,5.08,12.97,6.39,21.01,78.5,16.57,16.24,9.04,35.06,31.56,11.94,80.49,19.51,910,4.05,8.08,6.57,19.46,11.2,23.51,39.58,5.25,5.92,7.06,51.37,6.28,11.68,3.96,40.72,3.73,18.35,9.97,5.73,6.16,12.95,7.22,29.9,11.7,12.73,3.78,35.25
20190614,10.67,61.28,6.07,20.3,8.73,82.2,24.3,7.09,26.58,5.29,12.74,6.38,20.66,79.46,16.18,16.33,8.93,34.85,31.78,11.81,79.75,19.7,913,4.02,8.04,6.47,19.28,11.05,23.28,38.84,5.21,5.73,7,50.6,6.29,11.63,3.94,40.79,3.73,18.35,9.77,5.74,6.17,12.79,7.22,29.98,11.79,12.88,3.76,35.35
20190617,10.79,61.6,6.07,20.07,8.75,85,24.36,7.12,26.74,5.25,12.87,6.42,20.73,81.3,16.36,16.14,8.91,35.14,31.51,11.69,79.92,20.08,911.6,4.02,8.07,6.48,19.45,11.1,24.18,38.66,5.23,5.72,7.01,50.8,6.28,11.64,3.96,41,3.74,18.44,9.91,5.74,6.18,12.75,7.26,29.9,11.77,12.84,3.8,35.6
20190618,10.67,62.59,6.07,19.8,8.82,85.05,24.1,7.13,26.83,5.21,12.78,6.42,20.85,80.03,16.43,16.33,8.95,35.49,31.52,11.65,80.97,20.13,917,3.96,8.05,6.47,19.45,11.03,23.87,38.9,5.26,5.68,6.93,51.34,6.31,11.66,3.97,40.76,3.76,18.49,9.89,5.74,6.18,12.88,7.35,30.11,11.82,12.8,3.82,36.02
20190619,10.86,64.38,6.1,20.27,9.22,85.72,24.42,7.35,26.82,5.26,13.08,6.46,21.55,82.67,16.72,16.53,9.05,36.02,31.75,11.84,83.54,20.01,932.01,4,8.12,6.5,20.32,11.13,24.09,39.9,5.29,5.76,6.94,51.86,6.34,11.74,4,39.5,3.78,18.11,9.89,5.78,6.23,12.9,7.46,30.09,11.88,12.84,3.65,36.8
20190620,11.14,65.51,6.25,22.3,9.51,86.33,24.99,7.59,28.38,5.37,14.02,6.51,23.05,85.68,17.61,16.99,9.78,37.2,32.62,11.95,88.5,20.12,975,4.06,8.18,6.61,22.28,11.36,24.82,41.54,5.36,5.86,6.98,54.44,6.4,11.95,4.04,40.55,3.81,18.78,10.07,5.84,6.28,13.18,7.54,30.6,12.2,13.2,3.67,38.38
20190621,11.51,65.9,6.27,24.53,9.5,85.06,25.26,7.58,28.26,5.43,14.22,6.54,23.67,85.04,17.73,16.98,9.87,37.06,32.32,12.32,87.97,20.03,976.3,4.11,8.18,6.61,23.3,11.36,25.22,41.98,5.41,5.86,7.03,54.7,6.39,11.89,4.03,40.16,3.77,18.55,10.06,5.85,6.26,13.13,7.41,30.81,12.09,13.01,3.64,37.69
20190624,11.3,66.06,6.23,25.04,9.46,85.1,25.4,7.54,28.48,5.39,14.24,6.66,23.6,85.51,18.24,17.17,9.71,37.1,32.33,12.24,88.21,20.35,987.1,4.16,8.17,6.58,22.79,11.27,25.35,42.96,5.4,5.89,7.01,55.35,6.41,11.85,4.05,40.62,3.78,18.53,9.99,5.88,6.29,13.18,7.44,31.17,12.03,13.06,3.66,37.96
20190625,11.3,66.03,6.15,26.48,9.4,83.66,25.28,7.44,27.92,5.4,14.26,6.57,23.48,84.52,18.21,16.98,9.56,36.18,32.44,12.04,86.63,20.31,982.98,4.16,8.08,6.53,22.69,11.16,24.98,43.09,5.39,5.83,6.96,53.9,6.34,11.82,4.02,40.15,3.75,18.12,9.89,5.83,6.1,13.05,7.34,31.25,11.66,12.88,3.64,36.13
20190626,11.46,66.5,6.17,23.83,9.35,86.89,25.6,7.55,28,5.59,13.92,6.52,23.29,85,17.9,17.27,9.43,36.21,32.83,12.11,86.4,20.32,979.86,4.08,8.06,6.54,22.07,11.21,25.86,42.45,5.46,5.84,6.99,54.3,6.34,11.85,3.83,40.49,3.74,18.12,9.92,5.85,6.08,12.95,7.38,31.96,11.66,12.77,3.62,35.47
20190627,11.55,66.9,6.21,22.07,9.52,87.01,25.54,7.74,28.47,5.52,14.19,6.54,23.92,86.58,18.22,17.32,9.52,36.25,33.11,12.15,88.05,20.36,996.35,4.1,8.13,6.54,22.31,11.29,25.92,42.92,5.43,5.86,6.99,55.59,6.36,11.86,3.83,41.26,3.75,18.34,9.93,5.91,6.13,12.95,7.41,32.7,11.64,12.82,3.62,36.45
20190628,11.28,66,6.16,21.08,9.57,86.68,25.5,7.72,28.32,5.56,14.19,6.5,23.81,88.65,18.35,17.29,9.49,36.51,33.41,12.05,88.61,20.38,984,3.96,8.09,6.52,22.32,11.32,25.3,42.79,5.47,5.75,6.88,55.03,6.35,11.85,3.81,41.5,3.74,18.29,9.95,5.89,6.12,13.08,7.44,32.57,11.68,12.76,3.6,35.98
20190701,12.41,68.23,6.33,21.37,9.86,91.1,26.05,7.85,29.76,5.61,14.48,6.6,24.38,90.2,18.74,17.8,9.73,37.36,34.26,13.26,91.84,20.4,1031.86,4.03,8.2,6.59,22.76,11.47,26.29,43.9,5.48,5.87,6.93,57.87,6.42,12.16,3.85,41.96,3.76,18.59,10.14,5.92,6.16,13.4,7.46,32.86,11.71,13.02,3.62,36.9
20190702,12.13,70.21,6.3,21.51,9.84,67.97,26.78,7.86,29.35,6.03,14.26,6.64,24.15,91.18,18.51,17.98,9.62,37.04,34.47,13.3,91.06,20.62,1025,4.11,8.17,6.59,22.4,11.39,26.54,43.52,5.44,5.91,6.91,57.33,6.44,12.26,3.85,42.59,3.77,18.45,10.06,5.93,6.16,13.19,7.48,33.16,11.61,13.2,3.64,36.52
20190703,12.17,68.37,6.2,21.27,9.68,66.75,26.8,7.74,29.03,6.49,13.9,6.61,23.43,88.18,18.15,17.94,9.36,36.65,33.55,13.41,90.66,20.67,987.9,4.03,8.25,6.61,21.64,11.43,26.67,42.8,5.38,5.94,6.88,55.49,6.46,9.1,3.87,42.18,3.77,18.33,10.04,5.67,6.19,12.92,7.51,32.82,11.56,13.36,3.66,36.15
20190704,11.86,66.11,6.21,21.09,9.75,65.9,26.85,7.82,28.75,6.45,13.79,6.61,23.6,83.3,18.23,17.78,9.43,36.05,33.41,13.26,89.9,20.53,981.2,4.02,8.23,6.65,21.58,11.56,26.51,42.86,5.45,6.05,6.9,54.39,6.44,8.95,3.87,42.78,3.77,18.29,10.15,5.68,6.21,12.86,7.5,33.39,11.62,13.64,3.66,36.08
20190705,11.82,67.4,6.2,20.95,9.67,65.92,26.97,7.77,29.37,6.3,13.86,6.59,23.54,86.5,18.03,17.78,9.44,36.2,33.47,13.15,90.85,20.61,999.82,4.01,8.17,6.6,21.67,11.25,26.81,43.48,5.42,6.02,6.86,54.73,6.09,8.97,3.86,43.3,3.75,18.27,10.07,5.67,6.18,12.87,7.54,32.72,11.57,13.54,3.65,36.47
20190708,11.32,66.5,6.01,21.36,9.29,64.63,26.19,7.5,28.3,6.09,13.58,6.44,23.17,85,17.58,17.46,9.02,34.93,32.98,12.68,88.59,19.07,984.86,3.89,7.96,6.46,21.21,10.96,26.09,41.87,5.33,5.89,6.75,52.69,6,8.88,3.79,41.77,3.71,17.79,9.75,5.59,6.12,12.7,7.46,31.9,11.36,13.44,3.6,35.56
20190709,11.22,66.48,5.96,21.43,9.22,64.5,26.23,7.49,28.41,6.11,13.7,6.42,23.23,85.02,17.78,17.43,9,34.87,33.27,12.71,87.53,18.99,976.06,3.9,7.92,6.46,21.21,10.94,26.24,41.73,5.26,5.81,6.71,52.35,5.98,8.87,3.77,41.8,3.71,17.82,9.69,5.58,5.77,12.67,7.4,32.01,11.37,13.48,3.58,35.29
20190710,11.16,67.41,5.92,21.27,9.17,64.38,25.69,7.39,28.27,6.01,13.69,6.35,23.2,87.94,18.03,17.31,8.95,35.37,33.16,12.73,87.88,19.07,982.52,3.86,7.88,6.42,21.12,10.86,27.32,41.44,5.2,5.77,6.66,52.66,5.98,8.79,3.78,40.82,3.7,17.72,9.63,5.55,5.74,12.48,6.99,31.57,11.35,13.46,3.59,35.12
20190711,11.13,66.66,5.96,20.29,9.1,63.57,25.53,7.42,29.2,5.95,13.74,6.34,23.18,86.12,18.06,17.31,9.02,36.21,33.88,12.79,87.98,19.03,981.5,3.86,7.88,6.42,20.71,10.84,27.21,41.69,5.22,5.78,6.67,53.12,5.99,8.79,3.77,41.08,3.71,17.79,9.61,5.57,5.75,12.82,7.04,31.76,11.4,13.47,3.59,35.9
20190712,11.08,66.45,5.96,19.73,9.16,63.5,23.9,7.44,30.67,5.92,13.88,6.33,23.37,87.71,18.07,17.31,9.25,37.67,33.83,12.77,88.75,19.03,986.09,3.85,7.88,6.43,20.77,10.93,27.13,42.1,5.24,5.85,6.67,54.76,6.03,8.86,3.8,41.23,3.72,18.18,9.69,5.62,5.8,13.13,7.17,30.4,11.52,13.55,3.6,35.4
20190715,10.79,67.38,5.98,20.12,9.16,64.93,24.19,7.45,30.68,6.13,14.06,6.25,23.69,87.82,18.23,17.44,9.21,38.02,33.72,12.76,88.08,18.9,975.93,3.86,7.9,6.45,21.12,11.07,27.46,41.55,5.26,5.93,6.64,54.89,6.01,8.84,3.8,41.48,3.7,18.29,9.79,5.6,5.8,13.43,7.18,30.36,11.5,13.35,3.59,35.3
20190716,10.73,66.06,6,20.06,9.16,64.85,23.96,7.52,30.13,6.09,13.99,6.25,23.43,86.2,18.14,17.19,9.2,37.96,32.69,12.66,86.95,19.07,968,3.87,7.89,6.49,20.93,11.09,27.33,41.45,5.3,5.96,6.62,54.21,6,8.85,3.8,40.9,3.69,18.17,9.82,5.61,5.8,13.42,7.18,30.76,11.55,13.52,3.58,35.31
20190717,10.8,66.24,5.99,20.04,9.15,64.98,24.09,7.52,30.06,6.11,13.92,6.25,23.09,84.71,18.03,16.94,9.21,38.15,32.48,12.81,86.99,18.98,963.5,3.85,7.85,6.48,20.75,11.08,26.88,41.8,5.28,5.94,6.6,53.95,5.96,8.82,3.78,40.78,3.67,18.06,9.87,5.56,5.76,13.44,7.13,30.44,11.48,13.56,3.57,35.21
20190718,10.35,66.02,5.92,19.72,8.91,64.28,23.66,7.39,30.08,5.95,13.75,6.22,22.72,85.2,17.8,16.71,9.14,38.8,32.11,12.36,86.73,18.96,947.5,3.83,7.77,6.44,20.48,10.97,26.44,40.81,5.24,5.93,6.53,52.7,5.96,8.9,3.76,40.17,3.65,18.09,9.86,5.57,5.75,13.71,7.23,29.99,11.49,13.55,3.55,35.32
20190719,10.29,66.02,5.93,20.11,9.05,64.95,23.71,7.6,30.13,5.95,14.09,6.27,23.18,85.88,18.08,16.81,9.12,38.78,32.25,12.46,88.35,19.23,955.87,3.88,7.8,6.48,21.17,11.07,26.15,40.52,5.29,6,6.55,54.2,6,8.92,3.78,40.51,3.67,18.41,10,5.6,5.79,13.61,7.25,30.88,11.58,14.38,3.57,36.37
20190722,9.99,66.54,5.83,19.59,9.04,64.52,23.39,7.56,30.25,5.72,13.89,6.19,22.8,88.02,17.81,16.55,8.88,38.3,32.26,12.25,87.68,19.11,957.02,3.75,7.71,6.43,20.84,11,26.48,40.28,5.26,5.94,6.45,53.8,5.97,8.85,3.79,40.54,3.67,18.37,9.91,5.64,5.77,13.71,7.22,30.67,11.48,14.5,3.57,36.37
20190723,10.66,66.05,5.85,19.55,8.96,64.93,23.89,7.48,29.8,5.79,13.93,6.26,22.87,86.13,17.77,16.7,8.89,37.17,32.1,12.43,87.5,18.96,953.98,3.78,7.73,6.36,20.99,11.21,26.36,41.18,5.26,6.05,6.45,53.88,5.98,8.86,3.8,40.2,3.69,18.51,10.17,5.66,5.77,13.6,7.29,30.18,11.49,14.3,3.59,36.21
20190724,10.73,66.6,5.95,19.63,9.05,65.66,24.69,7.41,30.5,5.82,13.97,6.31,23.26,85.97,17.95,16.88,9.07,38.45,32.42,13.06,88.85,19.1,946.36,3.74,7.79,6.42,21.35,11.24,26.78,42.64,5.28,6.04,6.48,55.05,6,8.88,3.81,40.36,3.69,18.73,10.21,5.69,5.79,13.92,7.37,30.53,11.59,14.31,3.59,36.43
20190725,11.4,66.72,5.95,19.56,9,65.58,24.35,7.35,30.68,5.87,14.04,6.29,23.39,88.1,18.12,16.99,9.05,38.65,32.4,13.41,89.41,19.19,963,3.63,7.79,6.41,21.5,11.21,26.78,42.69,5.29,6.04,6.47,55.74,6.05,9.07,3.85,40.73,3.7,19.32,9.99,5.69,5.79,13.99,7.41,30.97,11.88,14.36,3.59,37.26
20190726,11.47,66.82,5.96,19.43,9.05,67.2,24.35,7.34,30.3,5.95,13.81,6.29,23.39,89.6,18.07,16.83,9.04,38.64,32.34,13.25,90.1,19.13,965.03,3.61,8.05,6.44,21.41,11.21,27.06,43.41,5.28,6.03,6.54,55.53,6.04,9.22,3.87,41.26,3.7,19.22,10.02,5.69,5.78,14.65,7.36,31,11.87,14.48,3.59,37.22
20190729,11.79,66.65,5.98,19.5,8.98,66.92,24.67,7.33,29.93,6.02,13.61,6.32,23.17,90.5,17.89,16.68,9.02,38.6,32.24,13.31,89.45,19.02,976.41,3.54,7.94,6.44,20.4,11.12,26.73,44.38,5.25,6.01,6.54,55.05,6.04,9.21,3.94,40.99,3.7,19.19,10.05,5.65,5.78,14.34,7.37,30.6,11.86,14.47,3.6,36.83
20190730,11.51,66.96,5.97,19.69,9.02,66.43,24.9,7.35,30.36,6.01,13.8,6.38,23.41,89.94,18.08,16.88,9.13,39.55,31.95,13.39,89.98,19.28,978.93,3.54,7.91,6.44,20.44,11.19,26.81,43.98,5.26,6.03,6.54,56.61,6.07,9.27,3.95,40.84,3.72,19.5,10.1,5.66,5.82,14.31,7.4,30.72,11.86,14.62,3.61,36.77
20190731,11.45,66.94,5.93,19.38,8.95,64.99,24.84,7.28,29.69,6,13.86,6.38,23.23,90.5,18.11,16.83,9.09,38.6,31.2,13.67,88.09,19.21,972.6,3.62,7.88,6.36,20.32,10.96,26.3,43.98,5.27,5.89,6.51,55.55,6.07,9.31,3.93,39.53,3.71,19.13,9.71,5.64,5.81,14.12,7.37,29.2,11.87,14.21,3.6,36.56
20190801,11.67,66.73,5.87,18.62,8.73,64.89,24.59,7.14,29.57,5.94,13.73,6.26,22.92,89.5,17.88,16.88,9.02,38.43,31.32,13.42,87.51,19.06,959.3,3.72,7.82,6.32,19.94,10.88,25.96,43.91,5.23,5.82,6.46,55.97,6.02,9.23,3.92,39.2,3.68,18.86,9.64,5.61,5.78,14.19,7.33,28.66,11.65,13.83,3.58,36.2
20190802,11.39,66.04,5.71,17.89,8.5,63.86,24.18,6.97,29.03,5.75,13.29,6.18,21.71,90.47,17.29,16.18,8.78,37.56,31.14,12.89,86.03,18.63,954.45,3.65,7.71,6.2,19.53,10.71,24.9,43.5,5.13,5.78,6.33,54.64,5.96,9.14,3.86,38.57,3.64,18.79,9.52,5.56,5.68,13.93,7.21,28.23,11.48,13.82,3.55,35.75
20190805,11.37,64.1,5.61,17.37,8.09,62.8,23.61,6.71,28.5,5.7,12.94,6.04,20.94,85.8,16.9,15.8,8.6,36.79,30.81,12.62,84.61,18.14,942.43,3.56,7.55,6.08,19.32,10.61,24.45,41.82,5.04,5.64,6.25,52.85,5.85,8.97,3.79,37.81,3.58,18.36,9.41,5.48,5.57,13.59,7.1,27.07,11.24,13.39,3.5,35.21
20190806,10.61,64.74,5.45,17.94,7.85,62.9,23.82,6.66,28.36,5.5,12.84,5.91,20.85,85.85,16.79,15.43,8.44,36.85,28.1,12.33,84.51,17.95,946.3,3.39,7.31,5.86,19.12,10.35,24.58,41.85,4.99,5.59,6.16,52.05,5.77,8.93,3.73,38.4,3.53,18.2,9.19,5.41,5.51,13.56,7.03,26.93,11.09,13.53,3.46,34.88
20190807,10.48,65.5,5.42,17.33,7.78,62.99,23.62,6.6,27.9,5.4,12.54,5.86,20.5,86.2,16.6,15.41,8.32,36.74,28.16,12.24,83.47,18,945,3.73,7.31,5.83,18.9,10.24,24.32,41.79,4.97,5.55,6.2,51.05,5.74,8.9,3.7,38.26,3.52,18.29,9.14,5.39,5.49,13.58,7.03,26.86,11.07,13.72,3.43,34.53
20190808,10.63,66.66,5.45,17.54,7.84,65.17,24.38,6.62,28.1,5.92,12.72,5.9,20.91,87.52,16.78,15.15,8.41,37.11,28.06,12.35,84.51,18.12,971.68,3.74,7.33,5.92,19.23,10.29,24.9,43.8,4.98,5.59,6.17,51.77,5.77,9.04,3.76,38.63,3.54,18.7,9.17,5.43,5.51,13.56,7.14,26.82,11.26,13.76,3.46,35.36
20190809,10.38,66.88,5.29,16.92,7.74,65.18,24.38,6.49,28.17,5.76,12.58,5.89,20.79,87.4,16.6,15.19,8.22,36.85,27.4,12.29,84.35,18.06,962.03,3.84,7.32,5.92,19.13,10.24,24.91,42.94,4.98,5.55,6.17,49.87,5.78,9.04,3.77,38.36,3.56,18.6,9.1,5.46,5.52,13.48,7.14,26.44,11.37,13.51,3.46,34.99
20190812,11.01,67.25,5.41,17.45,7.83,67.6,24.31,6.56,28.55,5.82,12.93,5.92,21.34,87.6,16.68,15.38,8.35,37.65,28.14,12.86,86.5,18.41,1018.63,3.72,7.45,5.96,19.49,10.3,25.34,43.68,4.99,5.6,6.19,51.15,5.83,9.19,3.77,38.74,3.58,18.83,9.19,5.51,5.53,13.71,7.19,26.87,11.43,13.92,3.48,35.41
20190813,11.02,67.06,5.41,16.95,7.84,68.86,23.93,6.67,27.7,5.89,12.78,5.87,21.07,86.8,16.5,15.06,8.23,36.5,28.21,13.49,85.01,18.3,1017.95,3.75,7.43,5.91,19.24,10.16,24.78,42.48,4.94,5.48,6.14,49.97,5.8,9.21,3.73,38.07,3.58,18.38,9.05,5.51,5.5,13.26,7.1,26.44,11.33,13.68,3.45,34.85
20190814,11.13,68.69,5.42,16.95,7.9,70.25,24.4,6.71,27.75,6.11,12.78,5.89,21.15,88.65,16.54,15.15,8.31,36.31,28.23,13.69,85.04,18.4,1043.33,3.85,7.45,5.94,19.25,10.17,24.96,42.88,4.97,5.44,6.14,49.94,5.79,9.14,3.79,38.39,3.57,18.09,9.06,5.53,5.5,13.11,7.08,26.3,11.28,13.63,3.44,34.86
20190815,11.26,69,5.74,16.82,7.88,68.36,24.65,6.69,28.04,5.99,12.76,5.85,21.2,87.43,16.49,14.88,8.29,36.85,28.14,14.29,86.31,18.5,1044.9,3.78,7.3,5.94,19.26,10,25.16,42.89,4.97,5.47,6.1,50,5.79,9.1,3.79,38.61,3.58,18.05,8.99,5.56,5.48,13.3,7.1,26.22,11.29,13.95,3.43,34.87
20190816,11.59,69.12,5.63,16.92,7.89,71.9,24.54,6.68,28.25,5.87,12.79,5.84,21.33,90.72,16.51,14.92,8.33,36.77,28.7,14.36,87.46,18.54,1054.6,3.73,7.23,5.93,19.06,9.97,25.91,42.6,4.97,5.45,6.1,50.16,5.77,9.08,3.77,38.84,3.57,17.93,8.98,5.5,5.45,13.26,7.09,26.05,11.22,13.85,3.42,35.16
20190819,12.19,71.94,5.76,18.61,8.19,74,24.5,6.88,29.2,5.94,13.84,5.93,23.13,90.9,17.56,15.4,8.62,38.24,29.2,15.09,88.45,18.89,1055.88,3.76,7.38,6.04,20.41,10.17,26.55,43.5,5.04,5.59,6.18,51.96,5.83,9.14,3.75,39.63,3.58,18.04,9.19,5.47,5.5,13.56,7.07,27.83,11.38,14.28,3.43,35.3
20190820,11.93,71.96,5.98,18.8,8.1,76.51,24.26,6.82,28.81,6.02,13.81,5.92,22.76,91.2,17.52,15.51,8.48,37.92,28.97,14.77,87.94,18.88,1070,3.76,7.41,6.05,20.03,10.2,26.58,43.89,5.05,5.62,6.19,51.24,5.82,9.05,3.72,39.63,3.56,18.16,9.2,5.42,5.47,13.95,6.99,27.39,11.37,14.45,3.43,35.33
20190821,12.09,71.71,6.15,19.1,8.08,76.83,24.09,6.81,29.04,5.93,13.74,5.91,22.64,90.8,17.46,15.31,8.44,38.58,28.18,15.15,87.73,18.95,1066,3.66,7.37,6.04,19.99,10.14,26.1,43.51,5.03,5.6,6.17,51.39,5.82,8.96,3.74,39.91,3.55,18.1,9.17,5.43,5.48,13.66,7,27.49,11.41,14.54,3.42,35.45
20190822,11.66,71.73,6.15,18.85,8.09,77.4,24.27,6.79,28.91,5.95,13.77,5.89,22.71,94.35,17.43,15.25,8.46,39.11,28.29,14.82,87.98,18.59,1104,3.66,7.33,6.04,19.89,10.11,26.41,43.33,5.01,5.57,6.15,51.61,5.81,8.94,3.72,39.16,3.54,18.17,9.14,5.39,5.46,13.4,6.95,27.54,11.43,14.36,3.41,35.34
20190823,11.02,76.6,6.05,18.64,8.11,82.57,24.6,6.76,29.41,5.92,13.68,5.92,22.64,95.28,17.37,15.24,8.57,40.02,28.6,14.95,89.89,18.78,1130.1,3.58,7.28,6,19.77,10.06,27.5,42.91,5.01,5.56,6.12,52.18,5.83,8.97,3.71,40.12,3.54,18.4,9.11,5.42,5.47,14.11,7.01,27.4,11.59,14.47,3.41,36.27
20190826,10.54,75.55,5.97,18.52,7.94,82.09,24.03,6.64,28.71,5.86,13.59,5.85,22.22,94.84,17.05,15.13,8.42,38.7,28.17,14.23,87.5,18.69,1102.95,3.6,7.22,5.9,19.36,9.97,28.41,42.46,4.97,5.45,6.07,50.8,5.78,8.91,3.67,39.58,3.52,18.1,8.98,5.38,5.43,13.78,6.93,26.86,11.3,14.44,3.38,35
20190827,10.93,75.8,6.04,20.19,8.06,83.32,24.96,6.82,29.55,5.92,13.83,5.95,22.77,95.57,17.44,15.67,8.57,38.17,28.65,14.4,87.68,18.8,1109,3.67,7.36,6.17,19.67,10.17,28.25,44.2,4.99,5.48,6.1,51.6,5.82,8.95,3.67,39.8,3.57,18.27,9.28,5.42,5.46,13.83,6.95,27.38,11.3,14.37,3.41,34.75
20190828,10.79,77.12,5.93,19.39,7.94,83.27,25.08,6.63,29.02,5.97,13.66,5.89,22.42,94.89,17.21,15.69,8.46,37.46,29.48,14.08,86.9,18.83,1100.11,3.61,7.33,6.08,19.27,10.07,27.8,43.68,4.98,5.57,6.09,50.99,5.83,8.96,3.69,39.5,3.54,17.37,9.17,5.4,5.44,13.56,6.95,27.44,11.32,14.25,3.4,34.5
20190829,10.92,76.94,5.95,19.1,7.97,82.75,24.72,6.62,28.64,5.96,13.66,5.86,22.25,94.9,17.11,15.55,8.42,37.47,29.1,14.37,86.7,18.55,1113.1,3.58,7.35,6.05,19,9.98,27.82,45.2,4.99,5.5,6.09,48.8,5.83,8.92,3.75,39.14,3.53,17.18,9.1,5.42,5.42,13.46,6.94,26.62,11.23,13.71,3.39,33.93
20190830,10.82,80.05,5.85,19.22,7.89,86.7,25.08,6.57,28.85,6.08,13.66,5.81,22.32,95.48,17.09,15.91,8.4,37.8,28.65,14.21,87.32,18.69,1142,3.59,7.28,6.01,18.96,9.98,27.65,44.71,4.98,5.47,6.12,48.23,5.81,9.02,3.76,39.43,3.53,17.17,9.1,5.39,5.41,13.47,6.9,26.68,11.28,13.45,3.4,34.28
20190902,11,79.61,5.95,19.92,7.93,87.42,24.94,6.69,28.93,6.18,14.09,5.87,22.77,94.39,17.43,15.99,8.58,37.68,28.58,14.52,88.5,19.37,1138.76,3.63,7.37,6.12,19.35,10.22,28.2,44.9,5.02,5.56,6.16,49.13,5.88,9.01,3.78,40.96,3.54,17.26,9.43,5.39,5.44,13.73,6.88,26.59,11.34,13.48,3.41,34.34
20190903,11.52,78.5,5.99,20.04,7.9,83.93,24.61,6.66,28.86,6.14,14.09,5.89,22.84,94.58,17.56,15.75,8.57,37.62,28.41,15.01,88.25,19.38,1140,3.71,7.4,6.17,19.33,10.55,27.93,44.7,5.02,5.62,6.15,49.89,5.9,8.99,3.76,41.73,3.55,17.24,9.48,5.4,5.44,13.59,6.88,26.41,11.35,13.3,3.41,34.15
20190904,11.6,78.28,6.07,20.85,8.13,81.95,24.63,6.78,29.26,6.08,14.36,6.1,23.33,92.24,17.85,15.86,8.75,38.2,28.53,15.13,88.3,19.59,1125.01,3.7,7.54,6.31,19.74,10.98,28.09,45.58,5.09,5.78,6.19,50.28,6.01,9.08,3.84,42.52,3.6,17.58,9.95,5.47,5.51,13.85,7,26.94,11.49,13.87,3.45,34.89
20190905,11.66,78.48,6.03,22.47,8.3,82.2,25.26,6.94,29.6,6.14,15,6.07,23.83,93.05,18.49,15.97,9.1,38.53,29.02,15.2,89.23,19.42,1144,3.72,7.55,6.29,20.18,10.82,28.71,46.97,5.11,5.76,6.23,51.26,6.06,9.14,3.94,42.6,3.62,17.85,9.97,5.5,5.54,14.6,7.09,26.96,11.62,13.71,3.48,35.52
20190906,11.8,80.11,6.19,23.75,8.39,82.16,25.94,6.95,29.6,6.09,15.11,6.06,24.15,94.18,18.83,16.02,9.15,39.13,29.13,15.31,90.7,19.64,1142.49,3.7,7.52,6.29,20.42,10.7,28.7,46.7,5.15,5.77,6.26,51.73,6.08,9.19,3.97,43.16,3.63,17.97,9.97,5.52,5.57,14.75,7.11,27.42,11.69,13.77,3.49,35.89
20190909,12.98,79.25,6.33,24.63,8.43,82.11,26.08,6.97,29.47,6.12,15.19,6.11,24.32,93.8,19.14,15.91,9.17,38.51,29.69,15.36,90.4,19.6,1136.52,3.74,7.59,6.31,20.6,10.75,28.77,47.2,5.19,5.77,6.33,51.67,6.09,9.17,3.96,42.67,3.63,17.79,10.05,5.51,5.56,14.87,7.09,27.81,11.75,14.07,3.49,35.5
20190910,13.43,80.57,6.69,26.02,8.38,82.02,25.5,6.91,29.14,6.13,15.12,6.11,24.2,92.99,19.15,15.81,9.2,37.95,30.06,15.1,89.44,19.56,1123.85,3.77,7.59,6.28,20.6,10.69,28.45,47.2,5.22,5.75,6.35,51.4,6.1,9.21,3.95,42.6,3.62,17.66,9.95,5.5,5.56,14.67,7.06,27.68,11.85,13.99,3.48,35
20190911,13.27,78.09,6.43,25.5,8.4,80.85,25.34,6.87,29.28,6.04,15.67,6.14,24.39,91.11,19.19,15.85,9.16,38.23,29.73,15.21,89.56,19.53,1069.52,3.77,7.67,6.31,20.66,10.71,27.61,46.5,5.26,5.76,6.32,51.68,6.15,9.28,3.95,42.29,3.66,17.81,9.92,5.55,5.64,14.6,7.14,27.58,11.95,13.95,3.52,35.05
20190912,13.54,78.6,6.43,25.96,8.69,80.64,25.14,6.99,29.8,6.06,16.54,6.25,24.71,92.39,19.29,15.94,9.42,38.79,29.75,15.31,92.34,19.61,1099,3.78,7.69,6.35,20.81,10.8,27.45,46.89,5.21,5.83,6.28,52.51,6.17,9.33,3.99,42.42,3.66,17.89,10.17,5.57,5.63,14.75,7.14,28.16,12,14.64,3.53,35.29
20190916,13.8,79.76,6.38,25,8.52,80.97,25.01,6.86,29.31,6.05,16.19,6.3,24.28,92.75,19.04,15.83,9.29,37.85,29.32,14.88,91.35,19.72,1099,3.83,7.66,6.35,20.38,10.57,27.51,47.27,5.35,5.77,6.5,51.46,6.13,9.28,3.97,42.23,3.66,17.86,10.02,5.57,5.61,14.58,7.12,28,11.93,14.47,3.52,35
20190917,13.73,79.03,6.21,24.81,8.34,80.42,24.7,6.66,28.71,5.94,15.59,6.21,23.53,92.04,18.52,15.52,9.02,37.29,28.92,14.17,89.52,19.72,1094.01,3.72,7.54,6.19,19.8,10.34,27.05,46.49,5.16,5.68,6.42,50.27,6.06,9.2,3.95,41.57,3.62,17.56,9.82,5.51,5.52,14.32,7.04,27.25,11.81,14.48,3.49,34.79
20190918,13.9,79.81,6.18,24.15,8.45,82.9,24.77,6.75,28.68,5.82,15.24,6.14,23.43,93.8,18.54,15.6,8.97,37.19,29,14.36,90,19.55,1148.9,3.72,7.54,6.19,19.6,10.54,27.08,46.2,5.07,5.68,6.33,50.46,6.05,9.19,3.97,41.7,3.6,17.44,9.8,5.5,5.52,14.4,7.05,27.77,11.93,14.85,3.48,34.8
20190919,15.29,80.14,6.25,24.6,8.47,82.4,24.78,6.78,28.81,5.88,15.35,6.18,23.59,95.61,18.59,15.82,9.14,37.14,28.79,14.49,89.6,19.48,1145,3.73,7.58,6.22,19.8,10.69,27.47,45.96,5.09,5.67,6.35,50.63,6.08,9.18,3.98,41.68,3.61,17.46,9.89,5.5,5.52,14.44,7.05,27.76,11.94,14.81,3.48,34.51
20190920,15.34,81.5,6.19,24.95,8.47,84.5,24.66,6.83,28.97,5.9,15.18,6.17,23.34,93.37,18.36,15.83,9.15,37.2,28.89,14.49,89.85,19.6,1157.42,3.73,7.72,6.27,19.67,10.7,28,45.17,5.07,5.58,6.38,50.58,6.09,9.29,3.96,41.93,3.61,17.57,9.93,5.53,5.56,14.82,7.08,27.8,11.95,14.58,3.49,34.51
20190923,15.58,81.1,6.11,24.47,8.36,82.6,24.27,6.71,28.63,5.88,15.11,6.12,22.97,92.79,18.08,15.67,9.04,36.45,28.39,14.21,88.91,19.22,1149,3.67,7.6,6.17,19.3,10.34,27.35,44.95,5.05,5.51,6.36,49.74,6.05,9.18,3.92,41.28,3.6,17.48,9.71,5.48,5.5,14.44,6.99,27.08,11.75,14.48,3.47,34.04
20190924,16.15,82.5,6.19,24.16,8.36,85,24.2,6.7,28.5,5.84,15.26,6.07,22.96,93.8,18.08,15.46,9,35.46,28.3,15.59,88.95,19.4,1184,3.69,7.54,6.15,19.33,10.28,26.96,44.71,5.04,5.5,6.26,49.75,6.04,9.19,3.9,41.24,3.6,17.37,9.65,5.5,5.5,14.34,6.96,27.03,11.75,14.39,3.47,34.08
20190925,15.01,82.83,6.13,23.68,8.27,86.39,23.67,6.66,28.15,5.74,15.07,6.01,22.86,94.19,18.04,15.15,8.8,35.58,27.84,15.34,88.78,19.2,1174,3.77,7.44,6.11,19.18,10.19,25.69,44.68,5.01,5.47,6.15,49.76,6.03,9.29,3.93,41.48,3.59,17.32,9.62,5.49,5.5,14.4,6.98,27.04,11.81,14.35,3.46,34.35
20190926,13.99,81.31,6.03,22.96,8.25,86,23.8,6.71,28.11,5.52,14.68,6.03,22.72,93.53,17.99,15.25,8.7,35.69,28.05,15.03,88.35,19.3,1167,3.68,7.37,6.05,19.18,10.1,25.12,44.23,5,5.45,6.1,49.56,6.06,9.4,4.09,42.01,3.61,17.51,9.56,5.55,5.52,14.39,7.05,27.27,11.97,14.46,3.5,35.22
20190927,14.68,81.05,6.08,23,8.2,87.04,23.7,6.69,28.06,5.53,14.86,5.92,23.05,93.01,18.07,15.37,8.69,35.6,28.29,15.07,88.3,18.69,1174.75,3.67,7.36,6.01,19.33,10.14,25.21,44.17,4.99,5.47,6.11,49.4,6.04,9.38,4.02,41.44,3.6,17.69,9.56,5.54,5.49,14.41,7.07,27.3,11.9,14.24,3.49,35.2
20190930,14.08,80.68,6.01,22.32,8,86.7,23.78,6.63,27.48,5.51,14.3,5.91,22.48,93.06,17.57,15.3,8.6,34.87,28.52,14.4,87.04,18.78,1150,3.64,7.32,6,19.09,10.11,25.27,44.15,5.02,5.43,6.19,48.67,6.02,9.35,3.94,41.34,3.58,17.53,9.46,5.53,5.45,14.28,6.99,26.97,11.84,14.3,3.46,34.75
20191008,13.91,80.35,6.03,22.94,7.91,83.7,23.7,6.53,27.66,5.46,14.22,5.9,22.33,97.1,17.41,15.55,8.66,35.56,28.54,14.6,88,18.65,1167.1,3.61,7.29,6.04,18.85,10.1,25.37,44.45,5,5.45,6.11,49.15,6.08,9.41,4.09,42.44,3.6,17.96,9.63,5.56,5.49,14.55,7.08,27.71,11.9,15.11,3.48,34.81
20191009,14.05,78.69,6.06,23.9,7.83,83.46,23.44,6.49,27.74,5.45,14.3,5.89,22.23,93.25,17.38,15.59,8.68,36.07,28.2,14.23,88.18,18.9,1146.81,3.62,7.3,6.06,18.66,10.12,24.99,43.59,5.01,5.48,6.1,49.54,6.14,9.56,4.23,41.81,3.62,18.3,9.64,5.58,5.54,14.39,7.14,27.96,11.99,15.67,3.49,35.18
20191010,14.44,83,6.09,24.1,8.17,88.23,23.91,6.8,27.93,5.52,14.5,5.92,22.39,95.28,17.5,15.73,8.72,35.94,28.47,14.64,88.5,18.81,1155,3.61,7.31,6.04,18.65,10.13,25.5,44.24,5,5.48,6.09,49.63,6.11,9.56,4.26,41.68,3.6,18.32,9.65,5.57,5.53,14.42,7.14,27.9,11.96,15.65,3.49,35.11
20191011,13.83,83.39,6.12,25.19,8.38,88.63,23.93,6.9,28.41,5.51,14.97,5.96,22.94,94.81,17.79,15.77,8.79,36.49,28.3,14.82,89.9,18.92,1174.6,3.62,7.37,6.05,19.02,10.18,25.32,44.78,5.08,5.51,6.17,50.18,6.17,9.59,4.31,43.26,3.64,18.66,9.71,5.64,5.59,14.75,7.21,28.14,12.45,15.71,3.53,36.29
20191014,14.43,83.56,6.15,24.86,8.48,88.3,24.39,6.94,29.02,5.61,15.16,6,23.09,94.63,18.08,15.81,9.04,37.09,28.53,15.2,90.45,18.94,1180,3.65,7.43,6.08,19.08,10.24,25.52,45.12,5.08,5.56,6.16,50.75,6.27,9.76,4.6,43.15,3.67,19.01,9.74,5.72,5.7,14.77,7.3,28.51,12.94,15.6,3.56,36.83
20191015,13.53,85.25,6.19,24.61,8.4,88,23.93,6.92,29.05,5.54,15.08,5.97,22.69,95.31,17.98,15.63,8.9,36.92,28.61,14.91,90.2,18.68,1211,3.6,7.38,6.03,18.59,10.12,25.26,43.94,5.04,5.49,6.11,50.39,6.26,9.98,4.62,42.58,3.68,19.07,9.72,5.72,5.72,15.01,7.36,28.32,13.09,15.6,3.58,36.64
20191016,13.27,85.97,6.1,23.45,8.37,88.23,24.15,6.86,29.26,5.49,15.03,5.95,22.56,95.7,17.95,15.64,9.04,36.76,28.28,14.77,90.58,18.6,1170,3.56,7.36,6.03,18.44,10.14,25.06,44.07,5.05,5.5,6.09,50.4,6.23,9.81,4.55,42.58,3.69,19.08,9.76,5.72,5.71,14.87,7.27,28.85,13.08,15.8,3.59,36.81
20191017,13.24,85.8,6.19,23.25,8.39,89.9,23.78,6.92,29.58,5.45,14.78,5.93,22.52,96.25,17.84,15.6,9.04,36.72,28.18,15.21,91.72,18.38,1183.33,3.56,7.37,6.03,18.38,10.13,25.15,43.45,5.04,5.57,6.11,50.7,6.22,9.71,4.49,42.6,3.68,19.03,9.84,5.71,5.69,14.79,7.26,28.5,13.17,15.68,3.59,37
20191018,12.83,84.27,6.09,22.56,8.17,88.5,23.45,6.75,29.35,5.36,14.32,5.88,22,95.25,17.45,15.49,8.78,35.86,28.01,15.23,89.75,18.18,1175.79,3.5,7.27,5.93,18.23,9.95,25.34,43.25,4.99,5.5,6.06,49.32,6.09,9.57,4.41,42.34,3.66,18.73,9.6,5.67,5.61,14.41,7.25,28.03,12.78,15.32,3.57,36.18
20191021,12.9,82.61,6.16,22.18,8.09,85.25,23.16,6.68,30.81,5.37,14.16,5.82,21.85,94.75,17.32,15.52,8.85,36.1,27.89,15.28,90.07,18.27,1168.5,3.46,7.29,5.91,17.19,9.94,25.19,43.7,4.98,5.5,6.06,50.4,6.15,9.65,4.48,42.19,3.69,19,9.61,5.79,5.69,14.46,7.36,29,12.91,15.78,3.6,36.22
20191022,13.08,83.69,6.08,22.45,8.12,86.05,23.26,6.68,30.68,5.37,14.26,5.82,22.1,94.32,17.41,15.5,8.76,35.78,27.97,15.81,90.29,18.12,1170.8,3.47,7.3,5.9,17.57,9.93,25.36,43.79,4.98,5.47,6.07,50.8,6.16,9.61,4.46,41.92,3.69,18.93,9.57,5.81,5.68,14.5,7.37,29.05,12.93,15.69,3.61,36.13
20191023,12.98,82.78,5.92,22.16,8.02,84.39,23.2,6.61,30.77,5.3,14.15,5.77,21.79,92.07,17.26,15.47,8.64,35.28,27.67,16.11,89.5,18.04,1158.91,3.45,7.22,5.88,17.63,9.92,25.04,43.9,4.97,5.41,6.05,50.62,6.14,9.55,4.46,42.12,3.71,18.94,9.75,5.87,5.69,14.27,7.38,28.91,12.86,15.32,3.64,36
20191024,13.2,82.71,5.92,22.28,8,82.7,23.19,6.61,30.46,5.37,14.23,5.81,21.85,88.65,17.34,15.21,8.63,35.39,27.15,16.19,89.8,18.3,1150.27,3.46,7.21,5.87,17.59,9.89,24.5,43.12,4.99,5.4,6.06,50.45,6.19,9.56,4.5,42.29,3.75,19.03,9.83,5.92,5.75,14.01,7.43,29.71,13.09,15.38,3.65,36.5
20191025,14.23,87.54,5.95,22.64,8.04,83.18,23.07,6.59,30.5,5.39,14.4,5.82,22.06,90.39,17.5,15.5,8.6,35.11,27.37,15.88,88,18.13,1171.35,3.47,7.25,5.88,17.72,9.9,24.81,44.71,5,5.43,6.06,49.85,6.19,9.64,4.48,42.38,3.73,18.85,9.77,5.98,5.71,14.07,7.44,29.9,12.9,15.53,3.66,36.4
20191028,15.18,91.08,6.19,23.45,8.32,85.49,23.68,6.76,31.23,5.5,14.65,5.92,22.35,91.57,17.72,15.69,8.7,35.42,27.61,16.01,88.64,18.26,1178.29,3.49,7.29,5.91,17.81,9.94,24.88,44.82,5.01,5.44,6.07,49.86,6.18,9.62,4.46,42.18,3.71,18.7,9.69,5.93,5.66,13.94,7.36,29.45,12.7,14.9,3.65,36.2